id,name,name_with_owner,url,created_at,stars,crawled_at
197383014,lexactivator-dotnet,cryptlex/lexactivator-dotnet,https://github.com/cryptlex/lexactivator-dotnet,2019-07-17 12:16:07,5,2025-09-24
298911944,freesia-ipnyb,alishahusain/freesia-ipnyb,https://github.com/alishahusain/freesia-ipnyb,2020-09-26 22:45:52,5,2025-09-24
522521858,osp,dfo-osdt/osp,https://github.com/dfo-osdt/osp,2022-08-08 11:31:02,5,2025-09-24
580279641,jaxecon,MatiasCovarrubias/jaxecon,https://github.com/MatiasCovarrubias/jaxecon,2022-12-20 06:57:15,5,2025-09-24
595805446,dialogporten,Altinn/dialogporten,https://github.com/Altinn/dialogporten,2023-01-31 21:03:08,5,2025-09-24
726746424,musixmatch-token,lonelilbot/musixmatch-token,https://github.com/lonelilbot/musixmatch-token,2023-12-03 09:18:02,5,2025-09-24
10685963,saldi,DANOSOFT/saldi,https://github.com/DANOSOFT/saldi,2013-06-14 09:29:15,4,2025-09-24
207336428,basic-analysis-workshop,CCPBioSim/basic-analysis-workshop,https://github.com/CCPBioSim/basic-analysis-workshop,2019-09-09 15:02:29,4,2025-09-24
529579457,weijing,csyinghuochong/weijing,https://github.com/csyinghuochong/weijing,2022-08-27 12:30:03,4,2025-09-24
781658012,RecordKit.Electron,nonstrict-hq/RecordKit.Electron,https://github.com/nonstrict-hq/RecordKit.Electron,2024-04-03 19:51:24,4,2025-09-24
892655241,web-exercises,wd-bootcamp/web-exercises,https://github.com/wd-bootcamp/web-exercises,2024-11-22 14:21:29,4,2025-09-24
913127417,cf-ip,suancaicc/cf-ip,https://github.com/suancaicc/cf-ip,2025-01-07 04:54:02,4,2025-09-24
1003925252,Maybe-Finance-Dashboard,Driztek/Maybe-Finance-Dashboard,https://github.com/Driztek/Maybe-Finance-Dashboard,2025-06-17 21:09:38,4,2025-09-24
1012366348,mts-fast-llms,zabojeb/mts-fast-llms,https://github.com/zabojeb/mts-fast-llms,2025-07-02 08:17:40,4,2025-09-24
473537512,ReversePassword,forderud/ReversePassword,https://github.com/forderud/ReversePassword,2022-03-24 09:26:55,3,2025-09-24
612715086,github-social-image-generator,JohnVersus/github-social-image-generator,https://github.com/JohnVersus/github-social-image-generator,2023-03-11 19:02:39,3,2025-09-24
688908099,klasa-4D-2025-2026-programowanie,IronLittleFoxZSE/klasa-4D-2025-2026-programowanie,https://github.com/IronLittleFoxZSE/klasa-4D-2025-2026-programowanie,2023-09-08 11:06:55,3,2025-09-24
941213842,MAC-Address-Changer,OrxMarks/MAC-Address-Changer,https://github.com/OrxMarks/MAC-Address-Changer,2025-03-01 18:59:00,3,2025-09-24
976261880,BitPay-Crypto-Signal-Trading-Bot-Analysis-Signal-Masters-Trading-Crypto,Xendriuo/BitPay-Crypto-Signal-Trading-Bot-Analysis-Signal-Masters-Trading-Crypto,https://github.com/Xendriuo/BitPay-Crypto-Signal-Trading-Bot-Analysis-Signal-Masters-Trading-Crypto,2025-05-01 19:42:35,3,2025-09-24
986628199,long-tail-conformal,tiffanyding/long-tail-conformal,https://github.com/tiffanyding/long-tail-conformal,2025-05-19 22:36:10,3,2025-09-24
993446494,Stake-Plinko-Cheat-Bot,Colastevoxc/Stake-Plinko-Cheat-Bot,https://github.com/Colastevoxc/Stake-Plinko-Cheat-Bot,2025-05-30 20:03:36,3,2025-09-24
1003915707,juspay-hyperswitch-realtime-dashboard,Hexroth/juspay-hyperswitch-realtime-dashboard,https://github.com/Hexroth/juspay-hyperswitch-realtime-dashboard,2025-06-17 20:44:26,3,2025-09-24
1003931693,financial-chat-Finance-NLP-Chatbots,Floxym/financial-chat-Finance-NLP-Chatbots,https://github.com/Floxym/financial-chat-Finance-NLP-Chatbots,2025-06-17 21:28:14,3,2025-09-24
1020290622,AI-Trading_BOT,FeyrithhbcQC8/AI-Trading_BOT,https://github.com/FeyrithhbcQC8/AI-Trading_BOT,2025-07-15 16:26:27,3,2025-09-24
1025807486,Leap-Ai-Make-Your-Ai-Api-Chat-Music-Coding,Qyxxlor/Leap-Ai-Make-Your-Ai-Api-Chat-Music-Coding,https://github.com/Qyxxlor/Leap-Ai-Make-Your-Ai-Api-Chat-Music-Coding,2025-07-24 20:45:26,3,2025-09-24
1025814071,Ai-Crypto-Trading-Bot-Automated-Bitcoin-Cryptocurrency,Calaestivox/Ai-Crypto-Trading-Bot-Automated-Bitcoin-Cryptocurrency,https://github.com/Calaestivox/Ai-Crypto-Trading-Bot-Automated-Bitcoin-Cryptocurrency,2025-07-24 21:03:03,3,2025-09-24
1025822577,KeyToss-Passwords-Manager-Secure-Encrypted,Altyaerau/KeyToss-Passwords-Manager-Secure-Encrypted,https://github.com/Altyaerau/KeyToss-Passwords-Manager-Secure-Encrypted,2025-07-24 21:27:41,3,2025-09-24
1044869610,CodeWave,guilhermeoliveirad/CodeWave,https://github.com/guilhermeoliveirad/CodeWave,2025-08-26 10:23:25,3,2025-09-24
97298982,eHI,egelke/eHI,https://github.com/egelke/eHI,2017-07-15 07:14:37,2,2025-09-24
144584365,dilps-tiresias,unil-lettres/dilps-tiresias,https://github.com/unil-lettres/dilps-tiresias,2018-08-13 13:34:54,2,2025-09-24
153789065,my-ichtus,Ecodev/my-ichtus,https://github.com/Ecodev/my-ichtus,2018-10-19 13:43:30,2,2025-09-24
210874013,artisans,Ecodev/artisans,https://github.com/Ecodev/artisans,2019-09-25 15:05:15,2,2025-09-24
362863921,Login_and_Registration_Page,Shaoun18/Login_and_Registration_Page,https://github.com/Shaoun18/Login_and_Registration_Page,2021-04-29 15:30:29,2,2025-09-24
476129698,UntitledCardGame,Adam-G-Klein/UntitledCardGame,https://github.com/Adam-G-Klein/UntitledCardGame,2022-03-31 02:59:19,2,2025-09-24
633841491,Osmalyzer,OSMLatvija/Osmalyzer,https://github.com/OSMLatvija/Osmalyzer,2023-04-28 12:04:34,2,2025-09-24
776069368,blvckleg.dev,sanriodev/blvckleg.dev,https://github.com/sanriodev/blvckleg.dev,2024-03-22 16:08:33,2,2025-09-24
877012883,taipower_data,kiang/taipower_data,https://github.com/kiang/taipower_data,2024-10-22 23:54:58,2,2025-09-24
880233291,Beta2.0,NirmaanAdmin/Beta2.0,https://github.com/NirmaanAdmin/Beta2.0,2024-10-29 11:11:50,2,2025-09-24
880404839,tchooz,emundus/tchooz,https://github.com/emundus/tchooz,2024-10-29 17:00:36,2,2025-09-24
946294709,parklogtrento,napo/parklogtrento,https://github.com/napo/parklogtrento,2025-03-10 23:15:54,2,2025-09-24
1000200943,Weblog,jupiter248/Weblog,https://github.com/jupiter248/Weblog,2025-06-11 12:18:56,2,2025-09-24
1011202988,eventloket,WowebNL/eventloket,https://github.com/WowebNL/eventloket,2025-06-30 13:08:38,2,2025-09-24
1025801735,Atomic-Wallet-Fake-Balance-Flash-Crypto-CryptoCurrencies,Aestrivoapt/Atomic-Wallet-Fake-Balance-Flash-Crypto-CryptoCurrencies,https://github.com/Aestrivoapt/Atomic-Wallet-Fake-Balance-Flash-Crypto-CryptoCurrencies,2025-07-24 20:30:17,2,2025-09-24
1035992162,Manim-Mobject,AlleyNorthward/Manim-Mobject,https://github.com/AlleyNorthward/Manim-Mobject,2025-08-11 11:57:14,2,2025-09-24
1046903191,landing-page,telebothost/landing-page,https://github.com/telebothost/landing-page,2025-08-29 12:15:32,2,2025-09-24
1058356020,PHS-Galaxy.github.io,PHS-Galaxy/PHS-Galaxy.github.io,https://github.com/PHS-Galaxy/PHS-Galaxy.github.io,2025-09-17 01:35:33,2,2025-09-24
1062044575,AWS-Flask-RDS-Deployment-on-AWS-Elastic-Beanstalk,Khushal41/AWS-Flask-RDS-Deployment-on-AWS-Elastic-Beanstalk,https://github.com/Khushal41/AWS-Flask-RDS-Deployment-on-AWS-Elastic-Beanstalk,2025-09-22 18:21:32,2,2025-09-24
1062522639,662327,LeeSimpkin/662327,https://github.com/LeeSimpkin/662327,2025-09-23 11:17:56,2,2025-09-24
28762196,cafevdb,rotdrop/cafevdb,https://github.com/rotdrop/cafevdb,2015-01-04 03:08:08,1,2025-09-24
62459679,mknudsen.github.io,mknudsen/mknudsen.github.io,https://github.com/mknudsen/mknudsen.github.io,2016-07-02 16:23:55,1,2025-09-24
88846212,webgis,geopartner/webgis,https://github.com/geopartner/webgis,2017-04-20 09:26:22,1,2025-09-24
106098489,ettleman,ettleman/ettleman,https://github.com/ettleman/ettleman,2017-10-07 13:04:50,1,2025-09-24
135457906,encuesta-docente,UTN-FRD/encuesta-docente,https://github.com/UTN-FRD/encuesta-docente,2018-05-30 14:51:56,1,2025-09-24
138892800,repo,Milkbboy/repo,https://github.com/Milkbboy/repo,2018-06-27 14:27:52,1,2025-09-24
175475303,login-system-laravel,Sandalanka/login-system-laravel,https://github.com/Sandalanka/login-system-laravel,2019-03-13 18:15:37,1,2025-09-24
211299294,ubiquitin-analysis-workshop,CCPBioSim/ubiquitin-analysis-workshop,https://github.com/CCPBioSim/ubiquitin-analysis-workshop,2019-09-27 10:56:07,1,2025-09-24
234868367,NA,wangheyu/NA,https://github.com/wangheyu/NA,2020-01-19 08:51:10,1,2025-09-24
247721299,repository-builder,phpcq/repository-builder,https://github.com/phpcq/repository-builder,2020-03-16 14:18:53,1,2025-09-24
264515334,Cisco.Api,panoramicdata/Cisco.Api,https://github.com/panoramicdata/Cisco.Api,2020-05-16 19:52:17,1,2025-09-24
267529847,cit_water,kiang/cit_water,https://github.com/kiang/cit_water,2020-05-28 08:02:42,1,2025-09-24
417161113,ontario-grid-data,ryanfobel/ontario-grid-data,https://github.com/ryanfobel/ontario-grid-data,2021-10-14 14:24:49,1,2025-09-24
516283030,emarto,xserg/emarto,https://github.com/xserg/emarto,2022-07-21 08:13:14,1,2025-09-24
521864781,LynchzDEV,LynchzDEV/LynchzDEV,https://github.com/LynchzDEV/LynchzDEV,2022-08-06 06:18:50,1,2025-09-24
638919895,project_orellana_lab,nagym72/project_orellana_lab,https://github.com/nagym72/project_orellana_lab,2023-05-10 11:40:38,1,2025-09-24
665944549,AI-ML-Algorithms,vishu-fcb/AI-ML-Algorithms,https://github.com/vishu-fcb/AI-ML-Algorithms,2023-07-13 10:53:59,1,2025-09-24
688908119,Programowanie3D,rainman0o/Programowanie3D,https://github.com/rainman0o/Programowanie3D,2023-09-08 11:06:58,1,2025-09-24
695375108,jiggersplat.github.io,jiggersplat/jiggersplat.github.io,https://github.com/jiggersplat/jiggersplat.github.io,2023-09-23 01:55:16,1,2025-09-24
781367224,mypy,CodingByKirti/mypy,https://github.com/CodingByKirti/mypy,2024-04-03 08:46:28,1,2025-09-24
787375041,laravel-form-builder,AnthonyEdmonds/laravel-form-builder,https://github.com/AnthonyEdmonds/laravel-form-builder,2024-04-16 12:04:00,1,2025-09-24
795864289,gvv,flub78/gvv,https://github.com/flub78/gvv,2024-05-04 09:27:46,1,2025-09-24
797788914,FLOKI,FLOKI000/FLOKI,https://github.com/FLOKI000/FLOKI,2024-05-08 14:15:12,1,2025-09-24
798122464,info.nhi.gov.tw,kiang/info.nhi.gov.tw,https://github.com/kiang/info.nhi.gov.tw,2024-05-09 06:19:25,1,2025-09-24
838643531,C-revision2,tahaqureshi1/C-revision2,https://github.com/tahaqureshi1/C-revision2,2024-08-06 04:25:16,1,2025-09-24
893797824,KaisaKaavio,iliip0/KaisaKaavio,https://github.com/iliip0/KaisaKaavio,2024-11-25 08:25:35,1,2025-09-24
896406126,VizzanoERP,Jamxon/VizzanoERP,https://github.com/Jamxon/VizzanoERP,2024-11-30 09:23:30,1,2025-09-24
917072260,Game_ForeverUp_NoPaidResourceVersion,AngusK97/Game_ForeverUp_NoPaidResourceVersion,https://github.com/AngusK97/Game_ForeverUp_NoPaidResourceVersion,2025-01-15 09:54:36,1,2025-09-24
931546026,Custom-XAMPP-LAMP-MAMP-localhost-Page,Pav-Osmolski/Custom-XAMPP-LAMP-MAMP-localhost-Page,https://github.com/Pav-Osmolski/Custom-XAMPP-LAMP-MAMP-localhost-Page,2025-02-12 13:12:35,1,2025-09-24
934226451,vidupuApp,santhoshvkumar/vidupuApp,https://github.com/santhoshvkumar/vidupuApp,2025-02-17 13:36:14,1,2025-09-24
945120461,laravel-gym,diegdar/laravel-gym,https://github.com/diegdar/laravel-gym,2025-03-08 17:50:52,1,2025-09-24
949579772,laravelAdminLTE,M3NT0Sz/laravelAdminLTE,https://github.com/M3NT0Sz/laravelAdminLTE,2025-03-16 19:06:05,1,2025-09-24
951927791,dsi-platform,DFE-Digital/dsi-platform,https://github.com/DFE-Digital/dsi-platform,2025-03-20 13:13:23,1,2025-09-24
957043705,geekat-website,GeekAtTeam/geekat-website,https://github.com/GeekAtTeam/geekat-website,2025-03-29 12:20:27,1,2025-09-24
963610323,previews,BoatraceOpenAPI/previews,https://github.com/BoatraceOpenAPI/previews,2025-04-10 00:12:26,1,2025-09-24
963612859,results,BoatraceOpenAPI/results,https://github.com/BoatraceOpenAPI/results,2025-04-10 00:21:20,1,2025-09-24
965129964,PyLM,ggiuliani/PyLM,https://github.com/ggiuliani/PyLM,2025-04-12 13:32:19,1,2025-09-24
968103128,Online-Course-Platform,Mkrager/Online-Course-Platform,https://github.com/Mkrager/Online-Course-Platform,2025-04-17 14:08:35,1,2025-09-24
969213291,portfolio,JBBru-helloworld/portfolio,https://github.com/JBBru-helloworld/portfolio,2025-04-19 16:39:57,1,2025-09-24
975690948,Autowithdraw,Wazmsz/Autowithdraw,https://github.com/Wazmsz/Autowithdraw,2025-04-30 18:25:42,1,2025-09-24
982660027,ai4medicine-2025,ScaDS/ai4medicine-2025,https://github.com/ScaDS/ai4medicine-2025,2025-05-13 08:12:43,1,2025-09-24
983776509,Gomida05.github.io,Gomida05/Gomida05.github.io,https://github.com/Gomida05/Gomida05.github.io,2025-05-14 22:44:22,1,2025-09-24
993432945,Tyx-CryptoToken-Convert-Cryptocurrency-Exchange-SniperBot,Lumatror/Tyx-CryptoToken-Convert-Cryptocurrency-Exchange-SniperBot,https://github.com/Lumatror/Tyx-CryptoToken-Convert-Cryptocurrency-Exchange-SniperBot,2025-05-30 19:29:19,1,2025-09-24
993463346,Fyx-Cryptocurrency-Form-eCommerce-Crypto-Payment-Api-Blockchain-Network,Xandrua/Fyx-Cryptocurrency-Form-eCommerce-Crypto-Payment-Api-Blockchain-Network,https://github.com/Xandrua/Fyx-Cryptocurrency-Form-eCommerce-Crypto-Payment-Api-Blockchain-Network,2025-05-30 20:49:02,1,2025-09-24
1000352164,EquEdEU,MSAlpaka/EquEdEU,https://github.com/MSAlpaka/EquEdEU,2025-06-11 16:39:24,1,2025-09-24
1003914738,vnpy,Vixoq/vnpy,https://github.com/Vixoq/vnpy,2025-06-17 20:42:01,1,2025-09-24
1003925250,UFund-Me-Qbot-smart-routing,Grulmex/UFund-Me-Qbot-smart-routing,https://github.com/Grulmex/UFund-Me-Qbot-smart-routing,2025-06-17 21:09:37,1,2025-09-24
1010097718,aisc-madrid-website,AISC-Madrid/aisc-madrid-website,https://github.com/AISC-Madrid/aisc-madrid-website,2025-06-28 10:39:12,1,2025-09-24
1012582152,Gradon-Tower-Defense-Game,viniprati/Gradon-Tower-Defense-Game,https://github.com/viniprati/Gradon-Tower-Defense-Game,2025-07-02 14:51:23,1,2025-09-24
1013443285,IEA-Server,enpyth/IEA-Server,https://github.com/enpyth/IEA-Server,2025-07-03 23:10:41,1,2025-09-24
1015190968,Training-2025,ishita-b-crest/Training-2025,https://github.com/ishita-b-crest/Training-2025,2025-07-07 06:25:02,1,2025-09-24
1016716350,OrageWebSite,KasterborousConstellation/OrageWebSite,https://github.com/KasterborousConstellation/OrageWebSite,2025-07-09 12:21:30,1,2025-09-24
1018024301,football-match-maker,dezGusty/football-match-maker,https://github.com/dezGusty/football-match-maker,2025-07-11 13:30:59,1,2025-09-24
1025807488,Visualig-Ai-Make-Your-Ai-Api-Chat-Photo-Coding-Video,Qyxxlor/Visualig-Ai-Make-Your-Ai-Api-Chat-Photo-Coding-Video,https://github.com/Qyxxlor/Visualig-Ai-Make-Your-Ai-Api-Chat-Photo-Coding-Video,2025-07-24 20:45:26,1,2025-09-24
1026139137,quizzicallabsai,absar091/quizzicallabsai,https://github.com/absar091/quizzicallabsai,2025-07-25 11:23:28,1,2025-09-24
1026343991,Metamask-Wallet-Recovery-Funds-Phrase-Data-Seed-Token,Valtrixx/Metamask-Wallet-Recovery-Funds-Phrase-Data-Seed-Token,https://github.com/Valtrixx/Metamask-Wallet-Recovery-Funds-Phrase-Data-Seed-Token,2025-07-25 18:10:02,1,2025-09-24
1026345545,Lumo-Discord-Annoucument-Bot-Source-Advanced,Searchsamsa/Lumo-Discord-Annoucument-Bot-Source-Advanced,https://github.com/Searchsamsa/Lumo-Discord-Annoucument-Bot-Source-Advanced,2025-07-25 18:13:22,1,2025-09-24
1028460199,math_model,HitTheStars/math_model,https://github.com/HitTheStars/math_model,2025-07-29 15:02:51,1,2025-09-24
1036378484,pengajian-online,grifitth12/pengajian-online,https://github.com/grifitth12/pengajian-online,2025-08-12 01:52:52,1,2025-09-24
1041297530,ritestay,BhavinPadiya/ritestay,https://github.com/BhavinPadiya/ritestay,2025-08-20 09:25:37,1,2025-09-24
1045004396,TheGamer3514,GraphStats/TheGamer3514,https://github.com/GraphStats/TheGamer3514,2025-08-26 14:13:16,1,2025-09-24
1046894924,DAG_classification,Aleksey55555/DAG_classification,https://github.com/Aleksey55555/DAG_classification,2025-08-29 11:58:26,1,2025-09-24
1046900802,wen-backend,RollieGarcia0031/wen-backend,https://github.com/RollieGarcia0031/wen-backend,2025-08-29 12:10:36,1,2025-09-24
1047364782,Discord-Token-Password-Stealer,Xarotows/Discord-Token-Password-Stealer,https://github.com/Xarotows/Discord-Token-Password-Stealer,2025-08-30 08:53:26,1,2025-09-24
1047377394,SilverRAT-FULL-Source-Code,Barathesx/SilverRAT-FULL-Source-Code,https://github.com/Barathesx/SilverRAT-FULL-Source-Code,2025-08-30 09:30:08,1,2025-09-24
1049808288,anknight_back,Anknight-Learning/anknight_back,https://github.com/Anknight-Learning/anknight_back,2025-09-03 14:22:04,1,2025-09-24
1050971247,Aquapalace,Huib-MI/Aquapalace,https://github.com/Huib-MI/Aquapalace,2025-09-05 08:31:51,1,2025-09-24
1051531313,SPPU-BE-Practicals-Sem-7,AB2511/SPPU-BE-Practicals-Sem-7,https://github.com/AB2511/SPPU-BE-Practicals-Sem-7,2025-09-06 07:24:33,1,2025-09-24
1051914236,saju-frontend-prototype,your-2-percent/saju-frontend-prototype,https://github.com/your-2-percent/saju-frontend-prototype,2025-09-07 01:50:48,1,2025-09-24
1052741557,GenerateurDOE,zaytar68/GenerateurDOE,https://github.com/zaytar68/GenerateurDOE,2025-09-08 13:38:36,1,2025-09-24
1054775672,MatchAndCook,cemtas81/MatchAndCook,https://github.com/cemtas81/MatchAndCook,2025-09-11 10:08:01,1,2025-09-24
1054946408,SafeSupport-admin,markerspoint/SafeSupport-admin,https://github.com/markerspoint/SafeSupport-admin,2025-09-11 14:47:23,1,2025-09-24
1056407822,coolcash,PILOTngawur/coolcash,https://github.com/PILOTngawur/coolcash,2025-09-14 02:57:56,1,2025-09-24
1057043689,4610-Midterm-Submission2,maxfinanger/4610-Midterm-Submission2,https://github.com/maxfinanger/4610-Midterm-Submission2,2025-09-15 07:47:55,1,2025-09-24
1059273582,SemMed_fall25,AlexeyTri/SemMed_fall25,https://github.com/AlexeyTri/SemMed_fall25,2025-09-18 08:22:04,1,2025-09-24
1059327893,S500-RAT-HVNC-HAPP-HIdden-BROWSER-HRDP-REVERSE-PROXY-CRYPTO-MONITOR,wmaowm/S500-RAT-HVNC-HAPP-HIdden-BROWSER-HRDP-REVERSE-PROXY-CRYPTO-MONITOR,https://github.com/wmaowm/S500-RAT-HVNC-HAPP-HIdden-BROWSER-HRDP-REVERSE-PROXY-CRYPTO-MONITOR,2025-09-18 09:48:52,1,2025-09-24
1059327901,Slient-URL-Exploit,wmaowm/Slient-URL-Exploit,https://github.com/wmaowm/Slient-URL-Exploit,2025-09-18 09:48:52,1,2025-09-24
1059461097,MIZZY-DA-LEARNING-2,MIZZYAYO/MIZZY-DA-LEARNING-2,https://github.com/MIZZYAYO/MIZZY-DA-LEARNING-2,2025-09-18 13:28:21,1,2025-09-24
1060603321,Trading-Bot_Mev_Local_PC,sPARks82flick517luxe/Trading-Bot_Mev_Local_PC,https://github.com/sPARks82flick517luxe/Trading-Bot_Mev_Local_PC,2025-09-20 08:08:37,1,2025-09-24
1060918231,Lamina,LoyaltyPointHQ/Lamina,https://github.com/LoyaltyPointHQ/Lamina,2025-09-20 21:27:36,1,2025-09-24
1061600408,iwishbag,RaunakBohra/iwishbag,https://github.com/RaunakBohra/iwishbag,2025-09-22 06:22:24,1,2025-09-24
1061806976,GameJam,BlackPhoenix-21/GameJam,https://github.com/BlackPhoenix-21/GameJam,2025-09-22 12:11:02,1,2025-09-24
1061858569,test_technique_chemosens,ITSAIDI/test_technique_chemosens,https://github.com/ITSAIDI/test_technique_chemosens,2025-09-22 13:33:25,1,2025-09-24
1062216499,buttonclickered.github.io,buttonclickered/buttonclickered.github.io,https://github.com/buttonclickered/buttonclickered.github.io,2025-09-23 01:08:40,1,2025-09-24
1062237555,FY-project,mist-er/FY-project,https://github.com/mist-er/FY-project,2025-09-23 02:04:59,1,2025-09-24
1062830642,HTMLSesi,Joaquimtxt/HTMLSesi,https://github.com/Joaquimtxt/HTMLSesi,2025-09-23 19:41:56,1,2025-09-24
1062849063,real-web,Hansora-ai/real-web,https://github.com/Hansora-ai/real-web,2025-09-23 20:19:30,1,2025-09-24
1063149913,Wallet_Risk_Score,slimqMnstorM913rIder/Wallet_Risk_Score,https://github.com/slimqMnstorM913rIder/Wallet_Risk_Score,2025-09-24 08:29:10,1,2025-09-24
1063235350,PG-Handler,ronald-designzeen-sketch/PG-Handler,https://github.com/ronald-designzeen-sketch/PG-Handler,2025-09-24 10:53:09,1,2025-09-24
1063241268,Music_Player,kadakalozgur/Music_Player,https://github.com/kadakalozgur/Music_Player,2025-09-24 11:04:03,1,2025-09-24
1063250540,E-Portfolio,Manuchahr-Pixel300/E-Portfolio,https://github.com/Manuchahr-Pixel300/E-Portfolio,2025-09-24 11:20:55,1,2025-09-24
1063261871,Tuwaiq-DS-ML-W03-D13,WajdRB/Tuwaiq-DS-ML-W03-D13,https://github.com/WajdRB/Tuwaiq-DS-ML-W03-D13,2025-09-24 11:40:59,1,2025-09-24
61708761,euro_newlogin,niujianyin/euro_newlogin,https://github.com/niujianyin/euro_newlogin,2016-06-22 10:01:25,0,2025-09-24
74079821,oo-bootcamp,gsokolowski/oo-bootcamp,https://github.com/gsokolowski/oo-bootcamp,2016-11-18 00:32:40,0,2025-09-24
174121379,socials-helpers,dealroom/socials-helpers,https://github.com/dealroom/socials-helpers,2019-03-06 10:13:30,0,2025-09-24
200571302,Get-the-index-of-selected-item-in-xamarin.forms-listview,SyncfusionExamples/Get-the-index-of-selected-item-in-xamarin.forms-listview,https://github.com/SyncfusionExamples/Get-the-index-of-selected-item-in-xamarin.forms-listview,2019-08-05 02:52:08,0,2025-09-24
316976612,maplechap_com,simdanonline/maplechap_com,https://github.com/simdanonline/maplechap_com,2020-11-29 15:03:57,0,2025-09-24
378288262,Emilianomontani.github.io,Emilianomontani/Emilianomontani.github.io,https://github.com/Emilianomontani/Emilianomontani.github.io,2021-06-18 23:56:39,0,2025-09-24
387163280,bitcoin,arthcras/bitcoin,https://github.com/arthcras/bitcoin,2021-07-18 11:50:31,0,2025-09-24
394270108,LMS,sp2danny/LMS,https://github.com/sp2danny/LMS,2021-08-09 11:46:53,0,2025-09-24
401974850,docker_statistic,maryandn/docker_statistic,https://github.com/maryandn/docker_statistic,2021-09-01 07:42:46,0,2025-09-24
412385298,lgc,suffolklibraries/lgc,https://github.com/suffolklibraries/lgc,2021-10-01 08:18:32,0,2025-09-24
418620132,nitishmishra0009.github.io,ntmishra0009/nitishmishra0009.github.io,https://github.com/ntmishra0009/nitishmishra0009.github.io,2021-10-18 18:22:15,0,2025-09-24
451882222,test,nyf-smartlab/test,https://github.com/nyf-smartlab/test,2022-01-25 13:10:45,0,2025-09-24
470750645,benjamin.parry.is,benjaminparry/benjamin.parry.is,https://github.com/benjaminparry/benjamin.parry.is,2022-03-16 21:02:45,0,2025-09-24
482202416,slide,ken7253/slide,https://github.com/ken7253/slide,2022-04-16 08:46:56,0,2025-09-24
493957501,yahe-contributions,yahesh/yahe-contributions,https://github.com/yahesh/yahe-contributions,2022-05-19 07:01:55,0,2025-09-24
500172349,Coding_Problems,benjaminbellman/Coding_Problems,https://github.com/benjaminbellman/Coding_Problems,2022-06-05 17:58:31,0,2025-09-24
505850141,Swift-Challenge,looloolalaa/Swift-Challenge,https://github.com/looloolalaa/Swift-Challenge,2022-06-21 13:14:35,0,2025-09-24
515624743,SN-HIPAABPP-Employee,alexanderalipoyo/SN-HIPAABPP-Employee,https://github.com/alexanderalipoyo/SN-HIPAABPP-Employee,2022-07-19 14:43:42,0,2025-09-24
518229449,poetrybingo,obverter/poetrybingo,https://github.com/obverter/poetrybingo,2022-07-26 22:03:14,0,2025-09-24
526653243,snapshot-helpers,stake-dao/snapshot-helpers,https://github.com/stake-dao/snapshot-helpers,2022-08-19 15:10:38,0,2025-09-24
531430195,config_and_scripts,LucasPayne/config_and_scripts,https://github.com/LucasPayne/config_and_scripts,2022-09-01 08:30:28,0,2025-09-24
544834085,Pe.Server,sk-0520/Pe.Server,https://github.com/sk-0520/Pe.Server,2022-10-03 10:05:00,0,2025-09-24
557257827,Commodity_Price_Analysis_BD,Shayokh144/Commodity_Price_Analysis_BD,https://github.com/Shayokh144/Commodity_Price_Analysis_BD,2022-10-25 11:10:56,0,2025-09-24
576352344,Competitive-Programming,Kol-UI/Competitive-Programming,https://github.com/Kol-UI/Competitive-Programming,2022-12-09 16:21:26,0,2025-09-24
584875888,study-notes,zzehli/study-notes,https://github.com/zzehli/study-notes,2023-01-03 18:38:08,0,2025-09-24
615813098,.dotfiles,NilsEckerle/.dotfiles,https://github.com/NilsEckerle/.dotfiles,2023-03-18 18:47:37,0,2025-09-24
626709860,lffw-baseball,davidwilson3/lffw-baseball,https://github.com/davidwilson3/lffw-baseball,2023-04-12 02:27:19,0,2025-09-24
628740210,ATower,SentrySlime/ATower,https://github.com/SentrySlime/ATower,2023-04-16 21:33:07,0,2025-09-24
631858360,Portfolio,Victor97200/Portfolio,https://github.com/Victor97200/Portfolio,2023-04-24 07:59:25,0,2025-09-24
635373571,MikeLev.in,miklevin/MikeLev.in,https://github.com/miklevin/MikeLev.in,2023-05-02 14:56:27,0,2025-09-24
644821897,2023-PLL-lead-lag-pull-in,ApCyb/2023-PLL-lead-lag-pull-in,https://github.com/ApCyb/2023-PLL-lead-lag-pull-in,2023-05-24 10:26:17,0,2025-09-24
649809929,avenzur,aatifbangash/avenzur,https://github.com/aatifbangash/avenzur,2023-06-05 17:27:13,0,2025-09-24
654729626,botecodochef,DeniSantos83/botecodochef,https://github.com/DeniSantos83/botecodochef,2023-06-16 20:03:20,0,2025-09-24
668537949,ai-lectures,MinhHuuNguyen/ai-lectures,https://github.com/MinhHuuNguyen/ai-lectures,2023-07-20 03:45:26,0,2025-09-24
677892921,leetcode-challenge,phucthanh6554/leetcode-challenge,https://github.com/phucthanh6554/leetcode-challenge,2023-08-13 02:05:20,0,2025-09-24
688853135,moodle-block_townsquare,learnweb/moodle-block_townsquare,https://github.com/learnweb/moodle-block_townsquare,2023-09-08 08:39:06,0,2025-09-24
689607750,louaychaabane-portfolio,louaychaabane/louaychaabane-portfolio,https://github.com/louaychaabane/louaychaabane-portfolio,2023-09-10 11:06:40,0,2025-09-24
692784538,course-ml-zoomcamp,bogdan-kovalchuk/course-ml-zoomcamp,https://github.com/bogdan-kovalchuk/course-ml-zoomcamp,2023-09-17 15:18:59,0,2025-09-24
706052062,Ds_pp_13TeV,fchinu/Ds_pp_13TeV,https://github.com/fchinu/Ds_pp_13TeV,2023-10-17 08:03:39,0,2025-09-24
715105398,Python_projects,kamran-ansari56/Python_projects,https://github.com/kamran-ansari56/Python_projects,2023-11-06 13:44:04,0,2025-09-24
719008016,domo,974steph/domo,https://github.com/974steph/domo,2023-11-15 08:53:36,0,2025-09-24
733831379,serimabe-theme,informed-governance-project/serimabe-theme,https://github.com/informed-governance-project/serimabe-theme,2023-12-20 08:22:14,0,2025-09-24
737799872,oprifs,sirajyesuf/oprifs,https://github.com/sirajyesuf/oprifs,2024-01-01 14:49:36,0,2025-09-24
739027341,my-portfolio,juanpo12/my-portfolio,https://github.com/juanpo12/my-portfolio,2024-01-04 15:52:52,0,2025-09-24
764063324,Machine-Learning-101,MinooSdpr/Machine-Learning-101,https://github.com/MinooSdpr/Machine-Learning-101,2024-02-27 12:16:55,0,2025-09-24
781729861,Crpto_47,AMOmari/Crpto_47,https://github.com/AMOmari/Crpto_47,2024-04-03 23:35:12,0,2025-09-24
784083352,react_build,Kwikl-Client/react_build,https://github.com/Kwikl-Client/react_build,2024-04-09 06:42:41,0,2025-09-24
785809283,cyt,Gcsaini/cyt,https://github.com/Gcsaini/cyt,2024-04-12 17:07:19,0,2025-09-24
791383805,dl-project,samhithvkk09/dl-project,https://github.com/samhithvkk09/dl-project,2024-04-24 16:10:27,0,2025-09-24
794302162,pollution_parana,FelipeBaglioliUFPR/pollution_parana,https://github.com/FelipeBaglioliUFPR/pollution_parana,2024-04-30 21:16:42,0,2025-09-24
794378239,Computer-Vision-and-Tabula-AI,leesangjun1903/Computer-Vision-and-Tabula-AI,https://github.com/leesangjun1903/Computer-Vision-and-Tabula-AI,2024-05-01 02:42:05,0,2025-09-24
805622323,fishmap,yasirosyokuhin/fishmap,https://github.com/yasirosyokuhin/fishmap,2024-05-25 02:16:51,0,2025-09-24
808068778,Laravel-Events_Club,asukulu/Laravel-Events_Club,https://github.com/asukulu/Laravel-Events_Club,2024-05-30 10:14:28,0,2025-09-24
812477046,Data-Science-and-ML-Application,leesangjun1903/Data-Science-and-ML-Application,https://github.com/leesangjun1903/Data-Science-and-ML-Application,2024-06-09 02:20:46,0,2025-09-24
823033608,DemoComponent,pradeep-yadav-amla/DemoComponent,https://github.com/pradeep-yadav-amla/DemoComponent,2024-07-02 09:48:49,0,2025-09-24
830779876,bootup,mamud1977/bootup,https://github.com/mamud1977/bootup,2024-07-19 01:41:36,0,2025-09-24
832642330,Deep-Learning,anishchapagain/Deep-Learning,https://github.com/anishchapagain/Deep-Learning,2024-07-23 12:36:11,0,2025-09-24
837612068,fhy.wra.gov.tw,kiang/fhy.wra.gov.tw,https://github.com/kiang/fhy.wra.gov.tw,2024-08-03 13:40:02,0,2025-09-24
840096615,LucidityDrive,Gamekour/LucidityDrive,https://github.com/Gamekour/LucidityDrive,2024-08-09 01:01:01,0,2025-09-24
842562122,python_introduction,go-hse/python_introduction,https://github.com/go-hse/python_introduction,2024-08-14 15:48:10,0,2025-09-24
845528826,academiaturkiye.github.io,academiaturkiye/academiaturkiye.github.io,https://github.com/academiaturkiye/academiaturkiye.github.io,2024-08-21 12:29:13,0,2025-09-24
847239332,weather,nowvip/weather,https://github.com/nowvip/weather,2024-08-25 08:45:26,0,2025-09-24
847395416,ECommerceAPI,koraydinc/ECommerceAPI,https://github.com/koraydinc/ECommerceAPI,2024-08-25 17:47:05,0,2025-09-24
850809210,Resume,roneliav16/Resume,https://github.com/roneliav16/Resume,2024-09-01 20:48:07,0,2025-09-24
851934891,freym1337.github.io,FREYM1337/freym1337.github.io,https://github.com/FREYM1337/freym1337.github.io,2024-09-04 00:00:39,0,2025-09-24
856621047,nossopainelgestao,jorgereiis/nossopainelgestao,https://github.com/jorgereiis/nossopainelgestao,2024-09-12 22:37:42,0,2025-09-24
861977501,fity,karolinas11/fity,https://github.com/karolinas11/fity,2024-09-23 20:17:37,0,2025-09-24
862638841,alphaco2,dewey-k/alphaco2,https://github.com/dewey-k/alphaco2,2024-09-25 00:04:18,0,2025-09-24
865361090,computer_infrastructure,YuliiaKharchenko/computer_infrastructure,https://github.com/YuliiaKharchenko/computer_infrastructure,2024-09-30 12:07:18,0,2025-09-24
868025070,HiVis,roynov01/HiVis,https://github.com/roynov01/HiVis,2024-10-05 09:23:11,0,2025-09-24
872366726,V-Lille-Dash,Mart1Portfolio/V-Lille-Dash,https://github.com/Mart1Portfolio/V-Lille-Dash,2024-10-14 10:09:27,0,2025-09-24
872652255,zjhk,johanius-unishop/zjhk,https://github.com/johanius-unishop/zjhk,2024-10-14 20:22:56,0,2025-09-24
875467156,Portfolio,MuhammadHusnainAli/Portfolio,https://github.com/MuhammadHusnainAli/Portfolio,2024-10-20 03:57:24,0,2025-09-24
879827923,website-demo,Claus-Pauwper/website-demo,https://github.com/Claus-Pauwper/website-demo,2024-10-28 16:05:03,0,2025-09-24
881773431,Leetcode-challenge-,udhayan4/Leetcode-challenge-,https://github.com/udhayan4/Leetcode-challenge-,2024-11-01 07:40:44,0,2025-09-24
887803828,ANN-DL_2024_PoliMi,zFireFist01/ANN-DL_2024_PoliMi,https://github.com/zFireFist01/ANN-DL_2024_PoliMi,2024-11-13 10:09:43,0,2025-09-24
894062577,Connector-testing,Testing-githu/Connector-testing,https://github.com/Testing-githu/Connector-testing,2024-11-25 17:24:54,0,2025-09-24
898355760,pro,hamyaran-vpnet22/pro,https://github.com/hamyaran-vpnet22/pro,2024-12-04 08:48:56,0,2025-09-24
898926910,StemvGroningen.github.io,StemvGroningen/StemvGroningen.github.io,https://github.com/StemvGroningen/StemvGroningen.github.io,2024-12-05 09:52:40,0,2025-09-24
900190981,list_holcim,nafanius/list_holcim,https://github.com/nafanius/list_holcim,2024-12-08 05:24:29,0,2025-09-24
901335340,Pixels-xyz-Hack-Game-Bot-Auto-Farm-Clicker-Crypto-Api-Cheat,TechSavvy54y/Pixels-xyz-Hack-Game-Bot-Auto-Farm-Clicker-Crypto-Api-Cheat,https://github.com/TechSavvy54y/Pixels-xyz-Hack-Game-Bot-Auto-Farm-Clicker-Crypto-Api-Cheat,2024-12-10 13:23:50,0,2025-09-24
911024536,ZGUPTerminator,linfuqing/ZGUPTerminator,https://github.com/linfuqing/ZGUPTerminator,2025-01-02 04:29:11,0,2025-09-24
911822778,dziennik_lekcyjny,grabj/dziennik_lekcyjny,https://github.com/grabj/dziennik_lekcyjny,2025-01-04 00:06:18,0,2025-09-24
912124069,Project_ZGR,FilloPrinci/Project_ZGR,https://github.com/FilloPrinci/Project_ZGR,2025-01-04 17:07:51,0,2025-09-24
916363339,ChallengeMeAPI,rlossec/ChallengeMeAPI,https://github.com/rlossec/ChallengeMeAPI,2025-01-14 00:19:11,0,2025-09-24
917374625,lovelust-home,endworks/lovelust-home,https://github.com/endworks/lovelust-home,2025-01-15 21:29:21,0,2025-09-24
917740319,Machine-Learning-Practice,MohitJaiswal2507/Machine-Learning-Practice,https://github.com/MohitJaiswal2507/Machine-Learning-Practice,2025-01-16 15:03:22,0,2025-09-24
919336608,MEMPTV2,aalimas/MEMPTV2,https://github.com/aalimas/MEMPTV2,2025-01-20 07:55:15,0,2025-09-24
922238657,londonflex.github.io,londonflex/londonflex.github.io,https://github.com/londonflex/londonflex.github.io,2025-01-25 17:24:15,0,2025-09-24
922276602,Cursos,andrewyamagata/Cursos,https://github.com/andrewyamagata/Cursos,2025-01-25 19:23:18,0,2025-09-24
924143992,dota2-lol-players-comparison,romplle/dota2-lol-players-comparison,https://github.com/romplle/dota2-lol-players-comparison,2025-01-29 13:51:48,0,2025-09-24
928385441,nice_git_project,gotthejuicee/nice_git_project,https://github.com/gotthejuicee/nice_git_project,2025-02-06 14:52:36,0,2025-09-24
932085256,triloka_club-website,Amitha95/triloka_club-website,https://github.com/Amitha95/triloka_club-website,2025-02-13 10:41:41,0,2025-09-24
933280611,saas-platform,danimoncerro/saas-platform,https://github.com/danimoncerro/saas-platform,2025-02-15 15:32:05,0,2025-09-24
938070522,TheGrailSeries,MrazFilip/TheGrailSeries,https://github.com/MrazFilip/TheGrailSeries,2025-02-24 11:26:03,0,2025-09-24
938580786,NewwaysAdmin,HappyFarang/NewwaysAdmin,https://github.com/HappyFarang/NewwaysAdmin,2025-02-25 07:14:50,0,2025-09-24
938617771,sharp-shop,alexandruminzatanu/sharp-shop,https://github.com/alexandruminzatanu/sharp-shop,2025-02-25 08:33:45,0,2025-09-24
938754921,abbot-cardiac-rythm-management,zikrimzk/abbot-cardiac-rythm-management,https://github.com/zikrimzk/abbot-cardiac-rythm-management,2025-02-25 13:00:34,0,2025-09-24
940982779,My-learnings,Shoukhin1803078/My-learnings,https://github.com/Shoukhin1803078/My-learnings,2025-03-01 07:39:27,0,2025-09-24
941236508,ScanlationTracker,ValchukA/ScanlationTracker,https://github.com/ValchukA/ScanlationTracker,2025-03-01 20:10:55,0,2025-09-24
941622556,gpalmitt.github.io,gpalmitt/gpalmitt.github.io,https://github.com/gpalmitt/gpalmitt.github.io,2025-03-02 18:08:57,0,2025-09-24
942181359,cak0512.github.io,cak0512/cak0512.github.io,https://github.com/cak0512/cak0512.github.io,2025-03-03 17:49:26,0,2025-09-24
944896373,avoChecker,jgalowe/avoChecker,https://github.com/jgalowe/avoChecker,2025-03-08 07:20:29,0,2025-09-24
949054557,portafolio,NicoleMantilla/portafolio,https://github.com/NicoleMantilla/portafolio,2025-03-15 15:16:18,0,2025-09-24
949512556,AI-flashcardmaker,tejjeenu/AI-flashcardmaker,https://github.com/tejjeenu/AI-flashcardmaker,2025-03-16 16:19:16,0,2025-09-24
951248570,aula-01-12-02-yuriaaaa,CEEMTI-BG-prof-Melissa/aula-01-12-02-yuriaaaa,https://github.com/CEEMTI-BG-prof-Melissa/aula-01-12-02-yuriaaaa,2025-03-19 11:41:30,0,2025-09-24
951722617,icmis-dec,puneets334/icmis-dec,https://github.com/puneets334/icmis-dec,2025-03-20 06:20:31,0,2025-09-24
951873072,Exploring,kishoredvr/Exploring,https://github.com/kishoredvr/Exploring,2025-03-20 11:30:30,0,2025-09-24
951873341,eurorails_ai,jeffgabriel/eurorails_ai,https://github.com/jeffgabriel/eurorails_ai,2025-03-20 11:31:03,0,2025-09-24
952128270,Monster-Hunter-Wilds-Download,artemgerc5/Monster-Hunter-Wilds-Download,https://github.com/artemgerc5/Monster-Hunter-Wilds-Download,2025-03-20 19:23:41,0,2025-09-24
953024408,python-keras-deep-learning,KeremDUZENLI/python-keras-deep-learning,https://github.com/KeremDUZENLI/python-keras-deep-learning,2025-03-22 11:51:23,0,2025-09-24
954274480,utils,condoedge/utils,https://github.com/condoedge/utils,2025-03-24 20:37:10,0,2025-09-24
956386148,ActiveSG-Gym-Capacity,dillonchong01/ActiveSG-Gym-Capacity,https://github.com/dillonchong01/ActiveSG-Gym-Capacity,2025-03-28 07:00:01,0,2025-09-24
956925523,fruit-store,nguyendat13/fruit-store,https://github.com/nguyendat13/fruit-store,2025-03-29 06:11:53,0,2025-09-24
957239926,ws,wlabedz/ws,https://github.com/wlabedz/ws,2025-03-29 22:01:23,0,2025-09-24
958623998,H.E.A.T._Project,FirePixel8422/H.E.A.T._Project,https://github.com/FirePixel8422/H.E.A.T._Project,2025-04-01 13:54:25,0,2025-09-24
960188223,seoul_weather_5m,jeoongil/seoul_weather_5m,https://github.com/jeoongil/seoul_weather_5m,2025-04-04 02:17:45,0,2025-09-24
961860396,PowerFlow,hudazain04/PowerFlow,https://github.com/hudazain04/PowerFlow,2025-04-07 09:25:29,0,2025-09-24
964575706,tundeblog-license-api,teeflow14/tundeblog-license-api,https://github.com/teeflow14/tundeblog-license-api,2025-04-11 12:40:24,0,2025-09-24
967269042,arupambiswas.github.io,arupambiswas/arupambiswas.github.io,https://github.com/arupambiswas/arupambiswas.github.io,2025-04-16 07:35:22,0,2025-09-24
969407611,pong-sms-gateway,juki3r/pong-sms-gateway,https://github.com/juki3r/pong-sms-gateway,2025-04-20 04:31:30,0,2025-09-24
969523707,Nifty_50_prediction,gsaanchi/Nifty_50_prediction,https://github.com/gsaanchi/Nifty_50_prediction,2025-04-20 10:50:59,0,2025-09-24
971184449,HiHiTutor-real,HiHiTutor/HiHiTutor-real,https://github.com/HiHiTutor/HiHiTutor-real,2025-04-23 06:27:32,0,2025-09-24
971610060,blog,cskmnrpt/blog,https://github.com/cskmnrpt/blog,2025-04-23 19:31:53,0,2025-09-24
972761268,Sine,GabrielBaumann/Sine,https://github.com/GabrielBaumann/Sine,2025-04-25 16:06:14,0,2025-09-24
973143325,land_registry_tables_processing_TPDL_2025,solenn-tl/land_registry_tables_processing_TPDL_2025,https://github.com/solenn-tl/land_registry_tables_processing_TPDL_2025,2025-04-26 10:59:54,0,2025-09-24
974713194,vape-shop,sparktechagency/vape-shop,https://github.com/sparktechagency/vape-shop,2025-04-29 07:37:44,0,2025-09-24
976204051,fsi_credit_demand_forecasting,dscalexandre/fsi_credit_demand_forecasting,https://github.com/dscalexandre/fsi_credit_demand_forecasting,2025-05-01 17:27:16,0,2025-09-24
978291058,Auto-Presser,MEAkkaya/Auto-Presser,https://github.com/MEAkkaya/Auto-Presser,2025-05-05 18:58:57,0,2025-09-24
981171843,eccube43-stimulus,arstokyo/eccube43-stimulus,https://github.com/arstokyo/eccube43-stimulus,2025-05-10 13:59:32,0,2025-09-24
981256280,djerba-arena-booking,Fares584/djerba-arena-booking,https://github.com/Fares584/djerba-arena-booking,2025-05-10 17:30:39,0,2025-09-24
981336275,geosense-api,MarsoL4/geosense-api,https://github.com/MarsoL4/geosense-api,2025-05-10 21:49:34,0,2025-09-24
981957968,portfolio_site,kirchhoffLawMastermind/portfolio_site,https://github.com/kirchhoffLawMastermind/portfolio_site,2025-05-12 06:55:50,0,2025-09-24
982805063,submission-exercisess-fullstackopen-second,stivenwar/submission-exercisess-fullstackopen-second,https://github.com/stivenwar/submission-exercisess-fullstackopen-second,2025-05-13 12:37:33,0,2025-09-24
983417660,UnityFX,PiotrSkrzypa/UnityFX,https://github.com/PiotrSkrzypa/UnityFX,2025-05-14 10:58:19,0,2025-09-24
983568101,AgilizaOS,agenciabaepi/AgilizaOS,https://github.com/agenciabaepi/AgilizaOS,2025-05-14 15:17:05,0,2025-09-24
983906585,119dts.tncfd.gov.tw,kiang/119dts.tncfd.gov.tw,https://github.com/kiang/119dts.tncfd.gov.tw,2025-05-15 05:19:52,0,2025-09-24
984328640,qa-automation-exercise-com,tlmatjuda/qa-automation-exercise-com,https://github.com/tlmatjuda/qa-automation-exercise-com,2025-05-15 18:49:24,0,2025-09-24
984393272,mottu-api-dotnet,camargoogui/mottu-api-dotnet,https://github.com/camargoogui/mottu-api-dotnet,2025-05-15 21:27:45,0,2025-09-24
985276222,New_samples,haruta0918/New_samples,https://github.com/haruta0918/New_samples,2025-05-17 12:28:46,0,2025-09-24
986373624,ecocharge-status,Jarnostuff/ecocharge-status,https://github.com/Jarnostuff/ecocharge-status,2025-05-19 14:07:52,0,2025-09-24
987299134,PBS6,chonkerboi24/PBS6,https://github.com/chonkerboi24/PBS6,2025-05-20 21:51:08,0,2025-09-24
987473826,epicpro-backend,Dev-Vishwa-Karma/epicpro-backend,https://github.com/Dev-Vishwa-Karma/epicpro-backend,2025-05-21 06:07:28,0,2025-09-24
993446483,Zyra-Crypto-Wallet-Mnemonic-Seed-Phrase-Balance-Checker,Hydranrxt/Zyra-Crypto-Wallet-Mnemonic-Seed-Phrase-Balance-Checker,https://github.com/Hydranrxt/Zyra-Crypto-Wallet-Mnemonic-Seed-Phrase-Balance-Checker,2025-05-30 20:03:34,0,2025-09-24
993454019,Blip-Analysis-Crypto-Signal-Trading-Bot-Signal-Masters-Trading-Crypto,Orbetuld/Blip-Analysis-Crypto-Signal-Trading-Bot-Signal-Masters-Trading-Crypto,https://github.com/Orbetuld/Blip-Analysis-Crypto-Signal-Trading-Bot-Signal-Masters-Trading-Crypto,2025-05-30 20:23:12,0,2025-09-24
993454201,Dragon-Tower-Bot-Casino-Predictor-Strategies,Vartaxan/Dragon-Tower-Bot-Casino-Predictor-Strategies,https://github.com/Vartaxan/Dragon-Tower-Bot-Casino-Predictor-Strategies,2025-05-30 20:23:37,0,2025-09-24
993463319,Pixels-xyz-Hack-Game-Bot-Auto-Farm-Clicker-Crypto-Api-Cheat,TachSevy/Pixels-xyz-Hack-Game-Bot-Auto-Farm-Clicker-Crypto-Api-Cheat,https://github.com/TachSevy/Pixels-xyz-Hack-Game-Bot-Auto-Farm-Clicker-Crypto-Api-Cheat,2025-05-30 20:48:58,0,2025-09-24
995389389,zygoma,who-stole-my-username/zygoma,https://github.com/who-stole-my-username/zygoma,2025-06-03 12:08:01,0,2025-09-24
996570297,nabreestech,NafreesMIM/nabreestech,https://github.com/NafreesMIM/nabreestech,2025-06-05 06:22:11,0,2025-09-24
996926926,AgriTruk,Montanah/AgriTruk,https://github.com/Montanah/AgriTruk,2025-06-05 17:16:34,0,2025-09-24
998119458,weather_image,stefan436/weather_image,https://github.com/stefan436/weather_image,2025-06-07 22:44:27,0,2025-09-24
999550806,dxerror,onlyme1d/dxerror,https://github.com/onlyme1d/dxerror,2025-06-10 12:26:30,0,2025-09-24
1000096200,tramits_adrbalears_es,ignaciollado/tramits_adrbalears_es,https://github.com/ignaciollado/tramits_adrbalears_es,2025-06-11 09:00:05,0,2025-09-24
1000240832,Capstone_Nemo,sebin6962/Capstone_Nemo,https://github.com/sebin6962/Capstone_Nemo,2025-06-11 13:28:57,0,2025-09-24
1002174344,multi_gimnasio,cejasflia10/multi_gimnasio,https://github.com/cejasflia10/multi_gimnasio,2025-06-14 21:55:44,0,2025-09-24
1002864088,pyDoodle,Sudeepp-Mishra/pyDoodle,https://github.com/Sudeepp-Mishra/pyDoodle,2025-06-16 09:03:43,0,2025-09-24
1003825483,Fableborne-Crypto-Bot-Crypto-Game-Auto-Farm-Clicker-Cheat-Token-Hack-Api,Innevatekiae/Fableborne-Crypto-Bot-Crypto-Game-Auto-Farm-Clicker-Cheat-Token-Hack-Api,https://github.com/Innevatekiae/Fableborne-Crypto-Bot-Crypto-Game-Auto-Farm-Clicker-Cheat-Token-Hack-Api,2025-06-17 18:13:48,0,2025-09-24
1003825497,Galactic-Finance-GalFi-Crypto-Bot-Crypto-Game-Auto-Farm-Clicker-Cheat-Api,Innevatekiae/Galactic-Finance-GalFi-Crypto-Bot-Crypto-Game-Auto-Farm-Clicker-Cheat-Api,https://github.com/Innevatekiae/Galactic-Finance-GalFi-Crypto-Bot-Crypto-Game-Auto-Farm-Clicker-Cheat-Api,2025-06-17 18:13:49,0,2025-09-24
1003840026,Super-Champs-Game-Crypto-Bot-Auto-Farm-Clicker-Cheat-Api-Hack,Zantirim/Super-Champs-Game-Crypto-Bot-Auto-Farm-Clicker-Cheat-Api-Hack,https://github.com/Zantirim/Super-Champs-Game-Crypto-Bot-Auto-Farm-Clicker-Cheat-Api-Hack,2025-06-17 18:42:44,0,2025-09-24
1003861894,BoomLand-io-Bot-Crypto-Game-Auto-Farm-Clicker-Cheat-Api-Hack,Chrenavete/BoomLand-io-Bot-Crypto-Game-Auto-Farm-Clicker-Cheat-Api-Hack,https://github.com/Chrenavete/BoomLand-io-Bot-Crypto-Game-Auto-Farm-Clicker-Cheat-Api-Hack,2025-06-17 19:28:14,0,2025-09-24
1003861902,Axie-Infinity-Bot-Crypto-Cheat-Auto-Farm-Clicker-Game-Api-Hack,Chrenavete/Axie-Infinity-Bot-Crypto-Cheat-Auto-Farm-Clicker-Game-Api-Hack,https://github.com/Chrenavete/Axie-Infinity-Bot-Crypto-Cheat-Auto-Farm-Clicker-Game-Api-Hack,2025-06-17 19:28:14,0,2025-09-24
1003931700,StockSharp,Qyxlor/StockSharp,https://github.com/Qyxlor/StockSharp,2025-06-17 21:28:15,0,2025-09-24
1004816458,sum-and-elab,KristianWold/sum-and-elab,https://github.com/KristianWold/sum-and-elab,2025-06-19 08:17:48,0,2025-09-24
1005216671,metadata,metadata-tech/metadata,https://github.com/metadata-tech/metadata,2025-06-19 21:43:47,0,2025-09-24
1007851225,Futsal-Management-System,YUMESHBAN/Futsal-Management-System,https://github.com/YUMESHBAN/Futsal-Management-System,2025-06-24 16:18:33,0,2025-09-24
1008242580,scrollRow,kevinr90/scrollRow,https://github.com/kevinr90/scrollRow,2025-06-25 08:43:31,0,2025-09-24
1008473529,ms2mol-evaluation,commons-research/ms2mol-evaluation,https://github.com/commons-research/ms2mol-evaluation,2025-06-25 15:42:25,0,2025-09-24
1008924899,dotfiles,rokiden/dotfiles,https://github.com/rokiden/dotfiles,2025-06-26 09:55:20,0,2025-09-24
1009499223,News-Sentiment-Analysis,gaurangpalekar/News-Sentiment-Analysis,https://github.com/gaurangpalekar/News-Sentiment-Analysis,2025-06-27 08:27:02,0,2025-09-24
1009595768,attention-stock-predictor,SATheinen/attention-stock-predictor,https://github.com/SATheinen/attention-stock-predictor,2025-06-27 11:43:32,0,2025-09-24
1010721831,satisfaction-clients-ecommerce,Nassila-eng/satisfaction-clients-ecommerce,https://github.com/Nassila-eng/satisfaction-clients-ecommerce,2025-06-29 17:06:18,0,2025-09-24
1011201224,Flyoora,priyanshukadukar/Flyoora,https://github.com/priyanshukadukar/Flyoora,2025-06-30 13:05:46,0,2025-09-24
1011693754,fisa05,Ydahyun/fisa05,https://github.com/Ydahyun/fisa05,2025-07-01 07:50:25,0,2025-09-24
1012264460,DataScience-Brain-Bytes,khoulaCode/DataScience-Brain-Bytes,https://github.com/khoulaCode/DataScience-Brain-Bytes,2025-07-02 04:37:25,0,2025-09-24
1012604467,Rahul-Portfolio,AkshDeveloper/Rahul-Portfolio,https://github.com/AkshDeveloper/Rahul-Portfolio,2025-07-02 15:30:14,0,2025-09-24
1013064070,ShimmerMobileApp,tatianadalbuscoo/ShimmerMobileApp,https://github.com/tatianadalbuscoo/ShimmerMobileApp,2025-07-03 09:54:59,0,2025-09-24
1014425576,public,Nerkhasar/public,https://github.com/Nerkhasar/public,2025-07-05 17:44:25,0,2025-09-24
1014433087,monotech,zeshan-ashraf/monotech,https://github.com/zeshan-ashraf/monotech,2025-07-05 18:02:57,0,2025-09-24
1014686302,AL-Omran,relix-software-solution/AL-Omran,https://github.com/relix-software-solution/AL-Omran,2025-07-06 07:56:13,0,2025-09-24
1014725391,portal2.emic.gov.tw,kiang/portal2.emic.gov.tw,https://github.com/kiang/portal2.emic.gov.tw,2025-07-06 09:41:50,0,2025-09-24
1014770506,oentex.com,Neoptolemospapadiofantous/oentex.com,https://github.com/Neoptolemospapadiofantous/oentex.com,2025-07-06 11:37:40,0,2025-09-24
1015185243,Crest-Training,lina-d-crest/Crest-Training,https://github.com/lina-d-crest/Crest-Training,2025-07-07 06:12:32,0,2025-09-24
1015522465,mkk4726.github.io,mkk4726/mkk4726.github.io,https://github.com/mkk4726/mkk4726.github.io,2025-07-07 16:18:53,0,2025-09-24
1015849491,rfidgpms-main,Joswa24/rfidgpms-main,https://github.com/Joswa24/rfidgpms-main,2025-07-08 06:10:36,0,2025-09-24
1016357195,pictoora,euitsol/pictoora,https://github.com/euitsol/pictoora,2025-07-08 22:23:24,0,2025-09-24
1016692101,tads-store,ketatamohamed/tads-store,https://github.com/ketatamohamed/tads-store,2025-07-09 11:36:42,0,2025-09-24
1016889222,DSA_,sathesh-90/DSA_,https://github.com/sathesh-90/DSA_,2025-07-09 17:22:50,0,2025-09-24
1016986030,igny8,alorig/igny8,https://github.com/alorig/igny8,2025-07-09 21:01:15,0,2025-09-24
1017157624,docavailable,docavailable/docavailable,https://github.com/docavailable/docavailable,2025-07-10 05:46:35,0,2025-09-24
1017352754,flowwow-feed,AVD-fw/flowwow-feed,https://github.com/AVD-fw/flowwow-feed,2025-07-10 12:03:51,0,2025-09-24
1019369837,webhook,mhbabu/webhook,https://github.com/mhbabu/webhook,2025-07-14 08:16:36,0,2025-09-24
1019507272,EC_back,expedit206/EC_back,https://github.com/expedit206/EC_back,2025-07-14 12:38:05,0,2025-09-24
1020012883,knowledge-management-system,bazhenovnv/knowledge-management-system,https://github.com/bazhenovnv/knowledge-management-system,2025-07-15 07:57:23,0,2025-09-24
1020736392,study,itokohei0/study,https://github.com/itokohei0/study,2025-07-16 10:12:01,0,2025-09-24
1020852134,agenda,lmichael1996/agenda,https://github.com/lmichael1996/agenda,2025-07-16 13:46:11,0,2025-09-24
1020983706,Machine-learning-lab,abhi85512/Machine-learning-lab,https://github.com/abhi85512/Machine-learning-lab,2025-07-16 17:36:28,0,2025-09-24
1021314440,GaiuaJuliusCaesar.github.io,GaiuaJuliusCaesar/GaiuaJuliusCaesar.github.io,https://github.com/GaiuaJuliusCaesar/GaiuaJuliusCaesar.github.io,2025-07-17 08:04:14,0,2025-09-24
1021894361,PetWeb,4pykella/PetWeb,https://github.com/4pykella/PetWeb,2025-07-18 05:50:59,0,2025-09-24
1021996228,AmyloidosisDetection,ivanbrillo/AmyloidosisDetection,https://github.com/ivanbrillo/AmyloidosisDetection,2025-07-18 09:29:28,0,2025-09-24
1022061332,cf-graph-countyfair,regro/cf-graph-countyfair,https://github.com/regro/cf-graph-countyfair,2025-07-18 11:42:25,0,2025-09-24
1022523172,evm-chain-getway,kgcemon/evm-chain-getway,https://github.com/kgcemon/evm-chain-getway,2025-07-19 08:57:50,0,2025-09-24
1023404222,GreenInformationFactory_Prototype,Tobi-Wan-Kenob1/GreenInformationFactory_Prototype,https://github.com/Tobi-Wan-Kenob1/GreenInformationFactory_Prototype,2025-07-21 05:49:11,0,2025-09-24
1023692165,NETFLIX_CLONE,Anil-Pradhan-web/NETFLIX_CLONE,https://github.com/Anil-Pradhan-web/NETFLIX_CLONE,2025-07-21 14:44:22,0,2025-09-24
1023744868,ROT-LinuxFix,vasilevp/ROT-LinuxFix,https://github.com/vasilevp/ROT-LinuxFix,2025-07-21 16:17:17,0,2025-09-24
1024077528,book-store-api,phamson1928/book-store-api,https://github.com/phamson1928/book-store-api,2025-07-22 06:42:36,0,2025-09-24
1024937120,CRM-ZOHO-EU-SW-B2C-CONTACT-US-Form,AlFakher2019/CRM-ZOHO-EU-SW-B2C-CONTACT-US-Form,https://github.com/AlFakher2019/CRM-ZOHO-EU-SW-B2C-CONTACT-US-Form,2025-07-23 13:23:56,0,2025-09-24
1024970264,now001,paralaci/now001,https://github.com/paralaci/now001,2025-07-23 14:18:26,0,2025-09-24
1025447357,Darshan-transport-react-FE,ro-dahal/Darshan-transport-react-FE,https://github.com/ro-dahal/Darshan-transport-react-FE,2025-07-24 09:10:59,0,2025-09-24
1025604233,1000-days-of-code,nyguerrillagirl/1000-days-of-code,https://github.com/nyguerrillagirl/1000-days-of-code,2025-07-24 14:04:30,0,2025-09-24
1025676523,mattiagaratti.github.io,mattiagaratti/mattiagaratti.github.io,https://github.com/mattiagaratti/mattiagaratti.github.io,2025-07-24 16:10:29,0,2025-09-24
1025729234,online-shop-website-template,Nothing095601/online-shop-website-template,https://github.com/Nothing095601/online-shop-website-template,2025-07-24 17:49:43,0,2025-09-24
1025800970,test.voxelshaper.com,ChristianHohlfeld/test.voxelshaper.com,https://github.com/ChristianHohlfeld/test.voxelshaper.com,2025-07-24 20:28:10,0,2025-09-24
1025801722,Https-Site-Screaper-Social-Commerce-Court-Web,Phyllmox/Https-Site-Screaper-Social-Commerce-Court-Web,https://github.com/Phyllmox/Https-Site-Screaper-Social-Commerce-Court-Web,2025-07-24 20:30:16,0,2025-09-24
1026166871,gg_microhacks_scripts,ilfur/gg_microhacks_scripts,https://github.com/ilfur/gg_microhacks_scripts,2025-07-25 12:23:25,0,2025-09-24
1026333091,Quirk-Restore-Cord-Bot-Restore-Members-Your-New-Server,EdyniaDen/Quirk-Restore-Cord-Bot-Restore-Members-Your-New-Server,https://github.com/EdyniaDen/Quirk-Restore-Cord-Bot-Restore-Members-Your-New-Server,2025-07-25 17:46:50,0,2025-09-24
1026333794,Fluxa-Exodus-Wallet-SchemaSafe-Seed-Cryptocompare-Api-Web3-WalletConnect,brazaynbin/Fluxa-Exodus-Wallet-SchemaSafe-Seed-Cryptocompare-Api-Web3-WalletConnect,https://github.com/brazaynbin/Fluxa-Exodus-Wallet-SchemaSafe-Seed-Cryptocompare-Api-Web3-WalletConnect,2025-07-25 17:48:20,0,2025-09-24
1026337041,Trezor-Wallet-Password-Manager-Hardware-Crypto-Mnemonic-Sdk-Api,Zenqais/Trezor-Wallet-Password-Manager-Hardware-Crypto-Mnemonic-Sdk-Api,https://github.com/Zenqais/Trezor-Wallet-Password-Manager-Hardware-Crypto-Mnemonic-Sdk-Api,2025-07-25 17:55:09,0,2025-09-24
1026341543,Metamask-Wallet-Api-React-Web3-Extension-Connect-Blockhain-Ethereum,Zaphyrco/Metamask-Wallet-Api-React-Web3-Extension-Connect-Blockhain-Ethereum,https://github.com/Zaphyrco/Metamask-Wallet-Api-React-Web3-Extension-Connect-Blockhain-Ethereum,2025-07-25 18:04:46,0,2025-09-24
1026341556,Metamask-Wallet-Connect-Integration-Sdk-Web3-Ethereum,Zaphyrco/Metamask-Wallet-Connect-Integration-Sdk-Web3-Ethereum,https://github.com/Zaphyrco/Metamask-Wallet-Connect-Integration-Sdk-Web3-Ethereum,2025-07-25 18:04:47,0,2025-09-24
1026342842,Vela-CoinSwap-Telegram-Bot-Sniper-Crypto-Coins-Bitecoin-BCH,Lumimoyav/Vela-CoinSwap-Telegram-Bot-Sniper-Crypto-Coins-Bitecoin-BCH,https://github.com/Lumimoyav/Vela-CoinSwap-Telegram-Bot-Sniper-Crypto-Coins-Bitecoin-BCH,2025-07-25 18:07:32,0,2025-09-24
1026345548,Zilch-Shopy-Bot-V2-Discord-Payment-Bot-Send-Recevie-Ping,Searchsamsa/Zilch-Shopy-Bot-V2-Discord-Payment-Bot-Send-Recevie-Ping,https://github.com/Searchsamsa/Zilch-Shopy-Bot-V2-Discord-Payment-Bot-Send-Recevie-Ping,2025-07-25 18:13:22,0,2025-09-24
1026795950,miniproject,C-jyothi/miniproject,https://github.com/C-jyothi/miniproject,2025-07-26 16:21:49,0,2025-09-24
1027188605,vihitha_portfolio,vihithaviswanathan/vihitha_portfolio,https://github.com/vihithaviswanathan/vihitha_portfolio,2025-07-27 13:58:46,0,2025-09-24
1027237542,AseerElKotb,AhmedAbouelwafa/AseerElKotb,https://github.com/AhmedAbouelwafa/AseerElKotb,2025-07-27 15:53:12,0,2025-09-24
1027620311,nstsps_backend,jil4school/nstsps_backend,https://github.com/jil4school/nstsps_backend,2025-07-28 09:30:19,0,2025-09-24
1027874087,HIM_SHARED,himanshu2aws-2025/HIM_SHARED,https://github.com/himanshu2aws-2025/HIM_SHARED,2025-07-28 17:00:08,0,2025-09-24
1027987692,portifolioBreno,brenooliveira2102/portifolioBreno,https://github.com/brenooliveira2102/portifolioBreno,2025-07-28 21:04:42,0,2025-09-24
1028254346,platforms-core,martin3r-me/platforms-core,https://github.com/martin3r-me/platforms-core,2025-07-29 08:56:48,0,2025-09-24
1028284860,Real-Estate-Software,mihajlogalicki/Real-Estate-Software,https://github.com/mihajlogalicki/Real-Estate-Software,2025-07-29 09:52:14,0,2025-09-24
1029660789,partscentral-backend,AOW-Development/partscentral-backend,https://github.com/AOW-Development/partscentral-backend,2025-07-31 11:30:36,0,2025-09-24
1030423993,bible-verse-of-the-day,verccety/bible-verse-of-the-day,https://github.com/verccety/bible-verse-of-the-day,2025-08-01 16:02:52,0,2025-09-24
1030460087,bccrm,komer26/bccrm,https://github.com/komer26/bccrm,2025-08-01 17:16:57,0,2025-09-24
1030573235,aml-fraud-detection,chaul3/aml-fraud-detection,https://github.com/chaul3/aml-fraud-detection,2025-08-01 22:03:45,0,2025-09-24
1030901638,Crusaders30XX,calnholt/Crusaders30XX,https://github.com/calnholt/Crusaders30XX,2025-08-02 15:18:36,0,2025-09-24
1031253822,River_Discharge_Data,AliRezaee86/River_Discharge_Data,https://github.com/AliRezaee86/River_Discharge_Data,2025-08-03 10:57:34,0,2025-09-24
1031530268,rag_api_demo,gonni/rag_api_demo,https://github.com/gonni/rag_api_demo,2025-08-03 23:51:27,0,2025-09-24
1031688138,my-html-demo,topamcc/my-html-demo,https://github.com/topamcc/my-html-demo,2025-08-04 07:23:26,0,2025-09-24
1031735353,Yield_Modelling_Automation,RajeshworM/Yield_Modelling_Automation,https://github.com/RajeshworM/Yield_Modelling_Automation,2025-08-04 08:53:37,0,2025-09-24
1031809762,phpdasar,RafkaJulianee/phpdasar,https://github.com/RafkaJulianee/phpdasar,2025-08-04 11:13:30,0,2025-09-24
1032473488,Backend-Development,R3ym0nd0/Backend-Development,https://github.com/R3ym0nd0/Backend-Development,2025-08-05 11:04:30,0,2025-09-24
1032549090,ML_Assignments,ruanbuhr/ML_Assignments,https://github.com/ruanbuhr/ML_Assignments,2025-08-05 13:20:33,0,2025-09-24
1032557771,sufipulse-frontend-talhaadil,primelogicsol/sufipulse-frontend-talhaadil,https://github.com/primelogicsol/sufipulse-frontend-talhaadil,2025-08-05 13:34:19,0,2025-09-24
1032652088,codegen,atomic-ehr/codegen,https://github.com/atomic-ehr/codegen,2025-08-05 16:06:07,0,2025-09-24
1032916879,BE-HUEHUY,codewithun/BE-HUEHUY,https://github.com/codewithun/BE-HUEHUY,2025-08-06 03:12:57,0,2025-09-24
1032929946,wingo-frontend-new,mudit0829/wingo-frontend-new,https://github.com/mudit0829/wingo-frontend-new,2025-08-06 03:51:53,0,2025-09-24
1033293290,safar-calculator,Techyrushi/safar-calculator,https://github.com/Techyrushi/safar-calculator,2025-08-06 15:33:37,0,2025-09-24
1033317066,Python-for-Data-Analysis-Visualization,hamzarahal/Python-for-Data-Analysis-Visualization,https://github.com/hamzarahal/Python-for-Data-Analysis-Visualization,2025-08-06 16:15:11,0,2025-09-24
1034044888,beta-team-member-block,asadsuzan/beta-team-member-block,https://github.com/asadsuzan/beta-team-member-block,2025-08-07 18:47:58,0,2025-09-24
1034224143,rayyan922.github.io,rayyan922/rayyan922.github.io,https://github.com/rayyan922/rayyan922.github.io,2025-08-08 03:54:24,0,2025-09-24
1034711724,petro,saidElamri/petro,https://github.com/saidElamri/petro,2025-08-08 21:12:37,0,2025-09-24
1034931238,UDi-website,UDIninja/UDi-website,https://github.com/UDIninja/UDi-website,2025-08-09 09:36:47,0,2025-09-24
1035563922,disponibilita-donazioni,gaetanomastranzo/disponibilita-donazioni,https://github.com/gaetanomastranzo/disponibilita-donazioni,2025-08-10 17:01:22,0,2025-09-24
1035593243,CleanArchitecture.BaseProject,hngoxuantg/CleanArchitecture.BaseProject,https://github.com/hngoxuantg/CleanArchitecture.BaseProject,2025-08-10 18:14:28,0,2025-09-24
1036652236,DSA-Activities,hkrishnanrt/DSA-Activities,https://github.com/hkrishnanrt/DSA-Activities,2025-08-12 11:44:51,0,2025-09-24
1036726579,DSA_2025,Shameem-Yuseph/DSA_2025,https://github.com/Shameem-Yuseph/DSA_2025,2025-08-12 13:50:39,0,2025-09-24
1037229098,PRG120V,imranevci1907/PRG120V,https://github.com/imranevci1907/PRG120V,2025-08-13 08:59:49,0,2025-09-24
1037264976,KesongPuti-Website,LalaineConde/KesongPuti-Website,https://github.com/LalaineConde/KesongPuti-Website,2025-08-13 10:06:48,0,2025-09-24
1037315344,CCRNFLRL_EXERCISES_COM221ML,innogatchi/CCRNFLRL_EXERCISES_COM221ML,https://github.com/innogatchi/CCRNFLRL_EXERCISES_COM221ML,2025-08-13 11:43:19,0,2025-09-24
1037382840,DielMuniz,Muniz095/DielMuniz,https://github.com/Muniz095/DielMuniz,2025-08-13 13:44:23,0,2025-09-24
1037501487,paatshala,riyan518z/paatshala,https://github.com/riyan518z/paatshala,2025-08-13 17:05:42,0,2025-09-24
1037501950,Assessment,madhav7034/Assessment,https://github.com/madhav7034/Assessment,2025-08-13 17:06:29,0,2025-09-24
1037504785,Sibin_DSA_Pathshaala,Sibin-S-S/Sibin_DSA_Pathshaala,https://github.com/Sibin-S-S/Sibin_DSA_Pathshaala,2025-08-13 17:11:33,0,2025-09-24
1037527124,3D-Chair-Detection-using-KeypointRCNN,NyiNyiMyo/3D-Chair-Detection-using-KeypointRCNN,https://github.com/NyiNyiMyo/3D-Chair-Detection-using-KeypointRCNN,2025-08-13 17:53:38,0,2025-09-24
1037867205,DCA-RQ,JY-JEON65/DCA-RQ,https://github.com/JY-JEON65/DCA-RQ,2025-08-14 08:42:23,0,2025-09-24
1038063659,e-commerce-laravel-react,ThaanhVuu/e-commerce-laravel-react,https://github.com/ThaanhVuu/e-commerce-laravel-react,2025-08-14 15:01:39,0,2025-09-24
1038239092,My-project,aicovergod/My-project,https://github.com/aicovergod/My-project,2025-08-14 21:09:07,0,2025-09-24
1038455139,Debsoc,SrijanBadhya/Debsoc,https://github.com/SrijanBadhya/Debsoc,2025-08-15 08:22:30,0,2025-09-24
1038480723,Worldclock,Rizikikinya/Worldclock,https://github.com/Rizikikinya/Worldclock,2025-08-15 09:23:58,0,2025-09-24
1038786297,PitHero,rpillai25/PitHero,https://github.com/rpillai25/PitHero,2025-08-15 20:17:25,0,2025-09-24
1039014949,Deat-h-Silent,asfsghg/Deat-h-Silent,https://github.com/asfsghg/Deat-h-Silent,2025-08-16 09:45:44,0,2025-09-24
1039067418,Brotato,Arseniy-1/Brotato,https://github.com/Arseniy-1/Brotato,2025-08-16 12:10:53,0,2025-09-24
1039366031,nodejs-pro-hoidanit,DangTanPhu/nodejs-pro-hoidanit,https://github.com/DangTanPhu/nodejs-pro-hoidanit,2025-08-17 04:08:37,0,2025-09-24
1039541934,DA_final_project,Tizeness/DA_final_project,https://github.com/Tizeness/DA_final_project,2025-08-17 13:16:07,0,2025-09-24
1039708928,Ursinus-CS357-Fall2025,BillJr99/Ursinus-CS357-Fall2025,https://github.com/BillJr99/Ursinus-CS357-Fall2025,2025-08-17 20:19:01,0,2025-09-24
1039709623,Ursinus-CS357,BillJr99/Ursinus-CS357,https://github.com/BillJr99/Ursinus-CS357,2025-08-17 20:21:30,0,2025-09-24
1039837135,88,aeniks/88,https://github.com/aeniks/88,2025-08-18 04:03:30,0,2025-09-24
1040007616,Nodejs_Revision,Rajan-Kumar-Yadav/Nodejs_Revision,https://github.com/Rajan-Kumar-Yadav/Nodejs_Revision,2025-08-18 10:14:50,0,2025-09-24
1040035657,HOLIDAZE,rikkejuliane/HOLIDAZE,https://github.com/rikkejuliane/HOLIDAZE,2025-08-18 11:08:20,0,2025-09-24
1040557256,chat-with-high-self,dufutaoraul/chat-with-high-self,https://github.com/dufutaoraul/chat-with-high-self,2025-08-19 06:52:30,0,2025-09-24
1040609982,aspire-digital,shoaibzain/aspire-digital,https://github.com/shoaibzain/aspire-digital,2025-08-19 08:38:13,0,2025-09-24
1040641690,HHG_WPF_Fileversion,Wazi2025/HHG_WPF_Fileversion,https://github.com/Wazi2025/HHG_WPF_Fileversion,2025-08-19 09:36:55,0,2025-09-24
1040764463,Exam-Project-WP,MarkEASV/Exam-Project-WP,https://github.com/MarkEASV/Exam-Project-WP,2025-08-19 13:24:52,0,2025-09-24
1042058389,web-dev,babygalijay/web-dev,https://github.com/babygalijay/web-dev,2025-08-21 12:23:48,0,2025-09-24
1042516357,5str-backend,Naimur404/5str-backend,https://github.com/Naimur404/5str-backend,2025-08-22 06:25:13,0,2025-09-24
1042570471,to-do-list,rbridgesiv/to-do-list,https://github.com/rbridgesiv/to-do-list,2025-08-22 08:18:29,0,2025-09-24
1042806495,employee-leave-management,Enigma2017/employee-leave-management,https://github.com/Enigma2017/employee-leave-management,2025-08-22 15:53:12,0,2025-09-24
1042863137,emisor-fiscal-sdk,Lider-Automacao/emisor-fiscal-sdk,https://github.com/Lider-Automacao/emisor-fiscal-sdk,2025-08-22 17:45:31,0,2025-09-24
1043093209,Seizure-Detection-using-EEG-with-CNN-with-relvant-suitable-model,senthil-prog/Seizure-Detection-using-EEG-with-CNN-with-relvant-suitable-model,https://github.com/senthil-prog/Seizure-Detection-using-EEG-with-CNN-with-relvant-suitable-model,2025-08-23 05:59:31,0,2025-09-24
1043301870,fun-dacha,vgogunsky-tech/fun-dacha,https://github.com/vgogunsky-tech/fun-dacha,2025-08-23 15:10:37,0,2025-09-24
1044004375,Data-Science-Portfolio,jaysolanki031128-maker/Data-Science-Portfolio,https://github.com/jaysolanki031128-maker/Data-Science-Portfolio,2025-08-25 03:37:34,0,2025-09-24
1044091607,KaushalDarpanApi,Umesh-KD/KaushalDarpanApi,https://github.com/Umesh-KD/KaushalDarpanApi,2025-08-25 07:08:35,0,2025-09-24
1044107305,RSE-pioneers,iulusoy/RSE-pioneers,https://github.com/iulusoy/RSE-pioneers,2025-08-25 07:40:25,0,2025-09-24
1044285529,WatchStore,sugartank555/WatchStore,https://github.com/sugartank555/WatchStore,2025-08-25 13:05:56,0,2025-09-24
1044303092,relational-database,Challenge-2-SEM/relational-database,https://github.com/Challenge-2-SEM/relational-database,2025-08-25 13:34:28,0,2025-09-24
1044412975,site-zen-marmitas,NicolasYMonteiro/site-zen-marmitas,https://github.com/NicolasYMonteiro/site-zen-marmitas,2025-08-25 16:38:08,0,2025-09-24
1044577226,CERTI_web,mkrsedge/CERTI_web,https://github.com/mkrsedge/CERTI_web,2025-08-25 22:45:29,0,2025-09-24
1045133786,Scratch-LR,Bytebandit-011/Scratch-LR,https://github.com/Bytebandit-011/Scratch-LR,2025-08-26 17:48:09,0,2025-09-24
1045544257,flashcards-em-HTML,kamilycarraro/flashcards-em-HTML,https://github.com/kamilycarraro/flashcards-em-HTML,2025-08-27 10:45:55,0,2025-09-24
1045544272,flashcards-em-HTML,nicolly54/flashcards-em-HTML,https://github.com/nicolly54/flashcards-em-HTML,2025-08-27 10:45:56,0,2025-09-24
1045559590,Sistema-Ceara-Cientifico-Crede-07,JAndrade912/Sistema-Ceara-Cientifico-Crede-07,https://github.com/JAndrade912/Sistema-Ceara-Cientifico-Crede-07,2025-08-27 11:18:15,0,2025-09-24
1045560851,ryanFilix,figueira77ry/ryanFilix,https://github.com/figueira77ry/ryanFilix,2025-08-27 11:20:47,0,2025-09-24
1045560864,plinioflix,plinio2009/plinioflix,https://github.com/plinio2009/plinioflix,2025-08-27 11:20:48,0,2025-09-24
1045561547,matheusflix,mathewslxz/matheusflix,https://github.com/mathewslxz/matheusflix,2025-08-27 11:22:12,0,2025-09-24
1045563722,Planner,EnollaTomazic/Planner,https://github.com/EnollaTomazic/Planner,2025-08-27 11:26:54,0,2025-09-24
1045575077,bigdata,henriquemota/bigdata,https://github.com/henriquemota/bigdata,2025-08-27 11:50:29,0,2025-09-24
1045599775,Web_Development_Projects,Param141/Web_Development_Projects,https://github.com/Param141/Web_Development_Projects,2025-08-27 12:37:32,0,2025-09-24
1045604769,iwetechs,sujalkakadiya34/iwetechs,https://github.com/sujalkakadiya34/iwetechs,2025-08-27 12:46:50,0,2025-09-24
1045615517,vikkva,vikkva/vikkva,https://github.com/vikkva/vikkva,2025-08-27 13:06:26,0,2025-09-24
1045631109,SSWEB,Acrawford740/SSWEB,https://github.com/Acrawford740/SSWEB,2025-08-27 13:33:01,0,2025-09-24
1045659362,bigcat,thomascedge/bigcat,https://github.com/thomascedge/bigcat,2025-08-27 14:18:19,0,2025-09-24
1045711882,notaris,astridalfhr/notaris,https://github.com/astridalfhr/notaris,2025-08-27 15:46:37,0,2025-09-24
1045723424,DataScience-Gen_AI-Agentic_AI-Projects,GVK9633/DataScience-Gen_AI-Agentic_AI-Projects,https://github.com/GVK9633/DataScience-Gen_AI-Agentic_AI-Projects,2025-08-27 16:06:24,0,2025-09-24
1045831360,WP-Supersede-CSS,JLG-WOCFR-DEV/WP-Supersede-CSS,https://github.com/JLG-WOCFR-DEV/WP-Supersede-CSS,2025-08-27 19:20:20,0,2025-09-24
1045884063,colbren.github.io,colbren/colbren.github.io,https://github.com/colbren/colbren.github.io,2025-08-27 21:23:45,0,2025-09-24
1046282785,python-libraries-learn,aayushjha5/python-libraries-learn,https://github.com/aayushjha5/python-libraries-learn,2025-08-28 13:08:40,0,2025-09-24
1046285488,Projects,delademdagadu/Projects,https://github.com/delademdagadu/Projects,2025-08-28 13:13:27,0,2025-09-24
1046330998,sec-app,neilbauman/sec-app,https://github.com/neilbauman/sec-app,2025-08-28 14:27:31,0,2025-09-24
1046349951,LabTFY4115,HaakonMikalsen/LabTFY4115,https://github.com/HaakonMikalsen/LabTFY4115,2025-08-28 14:57:48,0,2025-09-24
1046427063,programacion-imat,DavidContrerasICAI/programacion-imat,https://github.com/DavidContrerasICAI/programacion-imat,2025-08-28 17:09:49,0,2025-09-24
1046828317,Chirp,ITU-BDSA2025-GROUP18/Chirp,https://github.com/ITU-BDSA2025-GROUP18/Chirp,2025-08-29 09:39:18,0,2025-09-24
1047383532,Muck-Cheat-FULL-Source,Uwahtow/Muck-Cheat-FULL-Source,https://github.com/Uwahtow/Muck-Cheat-FULL-Source,2025-08-30 09:47:26,0,2025-09-24
1047386452,Free-Fire-Monster-Cheat,Shileaca/Free-Fire-Monster-Cheat,https://github.com/Shileaca/Free-Fire-Monster-Cheat,2025-08-30 09:55:33,0,2025-09-24
1047401046,AsyncRAT-Dark-Mode,Haewki/AsyncRAT-Dark-Mode,https://github.com/Haewki/AsyncRAT-Dark-Mode,2025-08-30 10:38:07,0,2025-09-24
1047414862,TowerDefense,OmerF-CEYLAN/TowerDefense,https://github.com/OmerF-CEYLAN/TowerDefense,2025-08-30 11:19:59,0,2025-09-24
1047484326,Lead-Scoring-Dataset,MalathiDataAnalyst/Lead-Scoring-Dataset,https://github.com/MalathiDataAnalyst/Lead-Scoring-Dataset,2025-08-30 14:24:46,0,2025-09-24
1047725431,Coding-Project,SaisakthiM/Coding-Project,https://github.com/SaisakthiM/Coding-Project,2025-08-31 04:43:06,0,2025-09-24
1047889021,multisite_helper,RandalVanheede/multisite_helper,https://github.com/RandalVanheede/multisite_helper,2025-08-31 13:14:21,0,2025-09-24
1047909027,website-CRUD-ci4,dzhax499/website-CRUD-ci4,https://github.com/dzhax499/website-CRUD-ci4,2025-08-31 14:03:11,0,2025-09-24
1048350286,TrackIt,Mhmd-Hawasli/TrackIt,https://github.com/Mhmd-Hawasli/TrackIt,2025-09-01 10:02:00,0,2025-09-24
1048453230,Practice_2,grechixa/Practice_2,https://github.com/grechixa/Practice_2,2025-09-01 13:17:02,0,2025-09-24
1048565544,Webscraping,Faheem-UH/Webscraping,https://github.com/Faheem-UH/Webscraping,2025-09-01 16:41:25,0,2025-09-24
1048618129,craft-component-manager,LindemannRock/craft-component-manager,https://github.com/LindemannRock/craft-component-manager,2025-09-01 18:30:25,0,2025-09-24
1048798357,Human-Resources-Information-System,AkashItlogiko/Human-Resources-Information-System,https://github.com/AkashItlogiko/Human-Resources-Information-System,2025-09-02 03:35:46,0,2025-09-24
1048829118,Basic,ESET0100/Basic,https://github.com/ESET0100/Basic,2025-09-02 05:03:57,0,2025-09-24
1048962088,21X,terrySuperChao/21X,https://github.com/terrySuperChao/21X,2025-09-02 09:31:22,0,2025-09-24
1049188334,WhatGame,KevinTheSome/WhatGame,https://github.com/KevinTheSome/WhatGame,2025-09-02 16:01:08,0,2025-09-24
1049207600,System-Builder,OznarG/System-Builder,https://github.com/OznarG/System-Builder,2025-09-02 16:32:55,0,2025-09-24
1049393793,marco-awow,taaantrum67/marco-awow,https://github.com/taaantrum67/marco-awow,2025-09-02 23:13:24,0,2025-09-24
1049413513,webpJae,Seoki55/webpJae,https://github.com/Seoki55/webpJae,2025-09-03 00:18:52,0,2025-09-24
1049443659,WEB,cauang/WEB,https://github.com/cauang/WEB,2025-09-03 01:47:25,0,2025-09-24
1049518396,Basic_training,ESET0104/Basic_training,https://github.com/ESET0104/Basic_training,2025-09-03 05:20:24,0,2025-09-24
1049623662,Basic-Tech-Training,ESET0132/Basic-Tech-Training,https://github.com/ESET0132/Basic-Tech-Training,2025-09-03 08:54:53,0,2025-09-24
1049651456,Reverse-Proxy-Soruce-Code,Hubaio/Reverse-Proxy-Soruce-Code,https://github.com/Hubaio/Reverse-Proxy-Soruce-Code,2025-09-03 09:45:10,0,2025-09-24
1049684743,Komputasi-Berbasis-Web,AnisaIntania/Komputasi-Berbasis-Web,https://github.com/AnisaIntania/Komputasi-Berbasis-Web,2025-09-03 10:48:16,0,2025-09-24
1049695504,Prato-Feito,ManoahWm/Prato-Feito,https://github.com/ManoahWm/Prato-Feito,2025-09-03 11:09:17,0,2025-09-24
1049781267,Univercity,abasovr558-cyber/Univercity,https://github.com/abasovr558-cyber/Univercity,2025-09-03 13:39:51,0,2025-09-24
1049827245,digitalbank-landing-page-master,victusen/digitalbank-landing-page-master,https://github.com/victusen/digitalbank-landing-page-master,2025-09-03 14:52:26,0,2025-09-24
1050094705,ml-programming-lab,dayeee5/ml-programming-lab,https://github.com/dayeee5/ml-programming-lab,2025-09-04 00:11:06,0,2025-09-24
1050165758,ccFraudDetect,SooYungTing/ccFraudDetect,https://github.com/SooYungTing/ccFraudDetect,2025-09-04 03:37:14,0,2025-09-24
1050212665,VijaiKarthik,ViJai1512/VijaiKarthik,https://github.com/ViJai1512/VijaiKarthik,2025-09-04 05:39:57,0,2025-09-24
1050245281,DataEngineering-Training,JasmineM-30/DataEngineering-Training,https://github.com/JasmineM-30/DataEngineering-Training,2025-09-04 06:46:25,0,2025-09-24
1050290251,landing,kananghacc/landing,https://github.com/kananghacc/landing,2025-09-04 08:12:54,0,2025-09-24
1050290815,furni-shop,NguyenVanMinhCuong2002/furni-shop,https://github.com/NguyenVanMinhCuong2002/furni-shop,2025-09-04 08:14:01,0,2025-09-24
1050322712,FL.github.io,flriis/FL.github.io,https://github.com/flriis/FL.github.io,2025-09-04 09:12:34,0,2025-09-24
1050349400,Clinically-Aware-Fair-GAN,saibharath954/Clinically-Aware-Fair-GAN,https://github.com/saibharath954/Clinically-Aware-Fair-GAN,2025-09-04 09:59:14,0,2025-09-24
1050367298,Sehr-Gutes-ZombiespielVR,Zocktr0pey/Sehr-Gutes-ZombiespielVR,https://github.com/Zocktr0pey/Sehr-Gutes-ZombiespielVR,2025-09-04 10:31:39,0,2025-09-24
1050429944,dungeon-generator,Feycry/dungeon-generator,https://github.com/Feycry/dungeon-generator,2025-09-04 12:23:56,0,2025-09-24
1050524934,NEU25G_Exercises,RobinHermansson/NEU25G_Exercises,https://github.com/RobinHermansson/NEU25G_Exercises,2025-09-04 14:52:19,0,2025-09-24
1050669126,krouksite,TibOwO/krouksite,https://github.com/TibOwO/krouksite,2025-09-04 18:55:36,0,2025-09-24
1050773922,OptimRotEduc,felipelewyee/OptimRotEduc,https://github.com/felipelewyee/OptimRotEduc,2025-09-04 23:19:56,0,2025-09-24
1050810710,ml_classwork,mandiiiwu/ml_classwork,https://github.com/mandiiiwu/ml_classwork,2025-09-05 01:27:56,0,2025-09-24
1050954323,catbot,mkmbader/catbot,https://github.com/mkmbader/catbot,2025-09-05 07:55:57,0,2025-09-24
1051111114,e_commerce_product_classification_with_Python,Hajoura91coding/e_commerce_product_classification_with_Python,https://github.com/Hajoura91coding/e_commerce_product_classification_with_Python,2025-09-05 13:10:25,0,2025-09-24
1051128720,my_website_demo,Van522005/my_website_demo,https://github.com/Van522005/my_website_demo,2025-09-05 13:41:12,0,2025-09-24
1051154382,ull-questions,vlccek/ull-questions,https://github.com/vlccek/ull-questions,2025-09-05 14:23:25,0,2025-09-24
1051377102,mainIVAN-OMGRU,ivanomgru/mainIVAN-OMGRU,https://github.com/ivanomgru/mainIVAN-OMGRU,2025-09-05 22:08:40,0,2025-09-24
1051484786,event-loop,hiblaphp/event-loop,https://github.com/hiblaphp/event-loop,2025-09-06 05:00:56,0,2025-09-24
1051651511,Chat-Log-Analysis-and-Clustering,ritam03/Chat-Log-Analysis-and-Clustering,https://github.com/ritam03/Chat-Log-Analysis-and-Clustering,2025-09-06 12:53:07,0,2025-09-24
1051672763,Churn-Prediction,Maxwell-Selassie/Churn-Prediction,https://github.com/Maxwell-Selassie/Churn-Prediction,2025-09-06 13:43:42,0,2025-09-24
1051876953,MeridianDB,ARAldhafeeri/MeridianDB,https://github.com/ARAldhafeeri/MeridianDB,2025-09-06 22:57:06,0,2025-09-24
1052105976,RandomPasswordGenerator,ishwar3917/RandomPasswordGenerator,https://github.com/ishwar3917/RandomPasswordGenerator,2025-09-07 12:18:46,0,2025-09-24
1052179847,mlproject,RAJARYANN/mlproject,https://github.com/RAJARYANN/mlproject,2025-09-07 15:14:40,0,2025-09-24
1052252760,Simulators,AlfonsoFuentes/Simulators,https://github.com/AlfonsoFuentes/Simulators,2025-09-07 18:00:22,0,2025-09-24
1052553355,AnnexBios,irisxg/AnnexBios,https://github.com/irisxg/AnnexBios,2025-09-08 08:07:11,0,2025-09-24
1052649665,utmn_third_course,redyc123/utmn_third_course,https://github.com/redyc123/utmn_third_course,2025-09-08 11:00:28,0,2025-09-24
1052655523,Lexicon_Webstore_Grupp4,kippeves/Lexicon_Webstore_Grupp4,https://github.com/kippeves/Lexicon_Webstore_Grupp4,2025-09-08 11:11:05,0,2025-09-24
1052680651,hotel_management_laravel,Monishadev-25/hotel_management_laravel,https://github.com/Monishadev-25/hotel_management_laravel,2025-09-08 11:57:49,0,2025-09-24
1052697150,COURSERAML,dennislamcv1/COURSERAML,https://github.com/dennislamcv1/COURSERAML,2025-09-08 12:26:31,0,2025-09-24
1052747761,luxury_housing_sales_analysis,KanishMidhun/luxury_housing_sales_analysis,https://github.com/KanishMidhun/luxury_housing_sales_analysis,2025-09-08 13:48:13,0,2025-09-24
1052752490,esano,shemaparfait19/esano,https://github.com/shemaparfait19/esano,2025-09-08 13:55:16,0,2025-09-24
1052899499,AI-Projects,rdev110/AI-Projects,https://github.com/rdev110/AI-Projects,2025-09-08 17:48:19,0,2025-09-24
1053133986,Bootcamp,sofyannurrohman/Bootcamp,https://github.com/sofyannurrohman/Bootcamp,2025-09-09 03:25:14,0,2025-09-24
1053153005,CE5810,anmpahwa/CE5810,https://github.com/anmpahwa/CE5810,2025-09-09 04:14:36,0,2025-09-24
1053224125,provision,coderithabibur/provision,https://github.com/coderithabibur/provision,2025-09-09 06:46:34,0,2025-09-24
1053243267,ukraiinska-nova,undead404/ukraiinska-nova,https://github.com/undead404/ukraiinska-nova,2025-09-09 07:21:15,0,2025-09-24
1053247037,RaceGame,PCx200/RaceGame,https://github.com/PCx200/RaceGame,2025-09-09 07:27:59,0,2025-09-24
1053299376,autogen_experiments,grebdioZ/autogen_experiments,https://github.com/grebdioZ/autogen_experiments,2025-09-09 08:59:58,0,2025-09-24
1053332979,Al-Mehdi-Python-Course,NadirAliOfficial/Al-Mehdi-Python-Course,https://github.com/NadirAliOfficial/Al-Mehdi-Python-Course,2025-09-09 09:56:03,0,2025-09-24
1053350338,veilederen-dev,Marentius/veilederen-dev,https://github.com/Marentius/veilederen-dev,2025-09-09 10:26:14,0,2025-09-24
1053379988,data_scientist,shota98501/data_scientist,https://github.com/shota98501/data_scientist,2025-09-09 11:19:12,0,2025-09-24
1053430469,my-app,ryo28/my-app,https://github.com/ryo28/my-app,2025-09-09 12:46:35,0,2025-09-24
1053434970,NeuralNetworksInML,mootheerloodee/NeuralNetworksInML,https://github.com/mootheerloodee/NeuralNetworksInML,2025-09-09 12:53:52,0,2025-09-24
1053438675,Univer,abasovr558-cyber/Univer,https://github.com/abasovr558-cyber/Univer,2025-09-09 12:59:50,0,2025-09-24
1053485784,portfolio,meem19/portfolio,https://github.com/meem19/portfolio,2025-09-09 14:11:04,0,2025-09-24
1053625027,Customer-Segmentation-using-Unsupervised-Learning,Manahel-Ansari/Customer-Segmentation-using-Unsupervised-Learning,https://github.com/Manahel-Ansari/Customer-Segmentation-using-Unsupervised-Learning,2025-09-09 17:48:11,0,2025-09-24
1053675218,voj-web,applecodes-s/voj-web,https://github.com/applecodes-s/voj-web,2025-09-09 19:15:19,0,2025-09-24
1053940062,IADE-GAMES-DS-25,FMarson/IADE-GAMES-DS-25,https://github.com/FMarson/IADE-GAMES-DS-25,2025-09-10 06:31:43,0,2025-09-24
1053941860,smsa-utils,thewebaddicts/smsa-utils,https://github.com/thewebaddicts/smsa-utils,2025-09-10 06:35:12,0,2025-09-24
1054109212,ReactTemplate,ue0ba1ya1sh3i/ReactTemplate,https://github.com/ue0ba1ya1sh3i/ReactTemplate,2025-09-10 11:31:12,0,2025-09-24
1054140598,0910_day4_API-KEY-application_Personal-Stylist,AgilePenguin/0910_day4_API-KEY-application_Personal-Stylist,https://github.com/AgilePenguin/0910_day4_API-KEY-application_Personal-Stylist,2025-09-10 12:25:19,0,2025-09-24
1054152675,Booking,AstroParvinnJi/Booking,https://github.com/AstroParvinnJi/Booking,2025-09-10 12:45:21,0,2025-09-24
1054227726,ComputePricing,forwardcompute/ComputePricing,https://github.com/forwardcompute/ComputePricing,2025-09-10 14:40:04,0,2025-09-24
1054239840,ai-tools-insights,aitoolslist00/ai-tools-insights,https://github.com/aitoolslist00/ai-tools-insights,2025-09-10 14:58:22,0,2025-09-24
1054272236,Trabajo-agendacontactos,micaelaaste/Trabajo-agendacontactos,https://github.com/micaelaaste/Trabajo-agendacontactos,2025-09-10 15:49:50,0,2025-09-24
1054336445,Budgetwise-Forcasting-Infosys,ANINDASAU/Budgetwise-Forcasting-Infosys,https://github.com/ANINDASAU/Budgetwise-Forcasting-Infosys,2025-09-10 17:36:12,0,2025-09-24
1054360406,MATH_414,Rafitzzz/MATH_414,https://github.com/Rafitzzz/MATH_414,2025-09-10 18:14:47,0,2025-09-24
1054401054,fundamentos-python-e-aplicacoes-de-IA,CarlosWagnr/fundamentos-python-e-aplicacoes-de-IA,https://github.com/CarlosWagnr/fundamentos-python-e-aplicacoes-de-IA,2025-09-10 19:26:59,0,2025-09-24
1054421166,Data-Analytics-and-Learning-Methods,ozde12/Data-Analytics-and-Learning-Methods,https://github.com/ozde12/Data-Analytics-and-Learning-Methods,2025-09-10 20:09:38,0,2025-09-24
1054552068,PhatTrienPhanMemHuongDichVu_QLKhachSan,XDhide/PhatTrienPhanMemHuongDichVu_QLKhachSan,https://github.com/XDhide/PhatTrienPhanMemHuongDichVu_QLKhachSan,2025-09-11 02:25:10,0,2025-09-24
1054625035,PSM-Resource-WP-Manager,kanji8210/PSM-Resource-WP-Manager,https://github.com/kanji8210/PSM-Resource-WP-Manager,2025-09-11 05:36:37,0,2025-09-24
1054649467,multipageweb,ujalasattar/multipageweb,https://github.com/ujalasattar/multipageweb,2025-09-11 06:26:20,0,2025-09-24
1054697810,RFSimulator,chiranjeevitrailers/RFSimulator,https://github.com/chiranjeevitrailers/RFSimulator,2025-09-11 07:55:25,0,2025-09-24
1054727157,Tickekts,Joeyaka1/Tickekts,https://github.com/Joeyaka1/Tickekts,2025-09-11 08:48:07,0,2025-09-24
1054728821,trullo-app,puffisbre/trullo-app,https://github.com/puffisbre/trullo-app,2025-09-11 08:51:04,0,2025-09-24
1054757598,Void-Frontier,Ruslan49991pp/Void-Frontier,https://github.com/Ruslan49991pp/Void-Frontier,2025-09-11 09:37:48,0,2025-09-24
1054758712,Natural-Fragrance,hamxakhan0722-ui/Natural-Fragrance,https://github.com/hamxakhan0722-ui/Natural-Fragrance,2025-09-11 09:39:40,0,2025-09-24
1054800364,MRP_vdvuurst,TimvdVuurst/MRP_vdvuurst,https://github.com/TimvdVuurst/MRP_vdvuurst,2025-09-11 10:51:34,0,2025-09-24
1054855150,test,kareem-kobeissi/test,https://github.com/kareem-kobeissi/test,2025-09-11 12:26:32,0,2025-09-24
1054856249,Snake-DQN,GDemets/Snake-DQN,https://github.com/GDemets/Snake-DQN,2025-09-11 12:28:17,0,2025-09-24
1054863885,Bermuda-Duo-Squad-M590---LSZ-Clone,nvdson2005-gr/Bermuda-Duo-Squad-M590---LSZ-Clone,https://github.com/nvdson2005-gr/Bermuda-Duo-Squad-M590---LSZ-Clone,2025-09-11 12:40:45,0,2025-09-24
1055045510,servicos-online,m4riott0/servicos-online,https://github.com/m4riott0/servicos-online,2025-09-11 17:27:42,0,2025-09-24
1055415952,PKM-Storage-Management-System,danichristova/PKM-Storage-Management-System,https://github.com/danichristova/PKM-Storage-Management-System,2025-09-12 08:30:37,0,2025-09-24
1055435556,2025-09-STEMIA,DPF0/2025-09-STEMIA,https://github.com/DPF0/2025-09-STEMIA,2025-09-12 09:05:49,0,2025-09-24
1055463449,Final_AI_Powered_Earthquake_Alert_System,snehithaeppakayala/Final_AI_Powered_Earthquake_Alert_System,https://github.com/snehithaeppakayala/Final_AI_Powered_Earthquake_Alert_System,2025-09-12 09:54:32,0,2025-09-24
1055474194,E-Commerce-Sales-Insights-Tableau-Dashboard-,bbhatta10/E-Commerce-Sales-Insights-Tableau-Dashboard-,https://github.com/bbhatta10/E-Commerce-Sales-Insights-Tableau-Dashboard-,2025-09-12 10:13:48,0,2025-09-24
1055484303,Team_project-E-commerce_store,MikeKorotych/Team_project-E-commerce_store,https://github.com/MikeKorotych/Team_project-E-commerce_store,2025-09-12 10:32:12,0,2025-09-24
1055489622,demo_repo,taha-mehmood-03/demo_repo,https://github.com/taha-mehmood-03/demo_repo,2025-09-12 10:42:15,0,2025-09-24
1055493719,F4ConversationCloud,MUKUL9045609/F4ConversationCloud,https://github.com/MUKUL9045609/F4ConversationCloud,2025-09-12 10:50:06,0,2025-09-24
1055527355,TaskEngineAPI,SheenlacPaints/TaskEngineAPI,https://github.com/SheenlacPaints/TaskEngineAPI,2025-09-12 11:55:00,0,2025-09-24
1055546451,ModLab,Noah-Paga/ModLab,https://github.com/Noah-Paga/ModLab,2025-09-12 12:30:43,0,2025-09-24
1055661298,Compound_interest,johanknelsen/Compound_interest,https://github.com/johanknelsen/Compound_interest,2025-09-12 15:48:16,0,2025-09-24
1055737270,bnn_for_14C_calibration,dest-ash/bnn_for_14C_calibration,https://github.com/dest-ash/bnn_for_14C_calibration,2025-09-12 18:10:12,0,2025-09-24
1055758056,elite-gate,Shtya/elite-gate,https://github.com/Shtya/elite-gate,2025-09-12 18:55:47,0,2025-09-24
1055878991,ShinyaAino-kadai_FreeMarket,s-aino/ShinyaAino-kadai_FreeMarket,https://github.com/s-aino/ShinyaAino-kadai_FreeMarket,2025-09-13 00:53:32,0,2025-09-24
1055898866,mabinogiNewsHistory,mabinogibot/mabinogiNewsHistory,https://github.com/mabinogibot/mabinogiNewsHistory,2025-09-13 02:11:32,0,2025-09-24
1055915585,Barrel-Blends,Sahil-Sahu-hub/Barrel-Blends,https://github.com/Sahil-Sahu-hub/Barrel-Blends,2025-09-13 03:19:13,0,2025-09-24
1056047577,morstrix.github.io,morstrix/morstrix.github.io,https://github.com/morstrix/morstrix.github.io,2025-09-13 09:29:16,0,2025-09-24
1056121252,Electricity-demand-forecast,mruifer/Electricity-demand-forecast,https://github.com/mruifer/Electricity-demand-forecast,2025-09-13 12:37:32,0,2025-09-24
1056259283,AUS_PR70_PR71,MarkoMilutinovic21/AUS_PR70_PR71,https://github.com/MarkoMilutinovic21/AUS_PR70_PR71,2025-09-13 17:57:47,0,2025-09-24
1056289244,MH,Wait720/MH,https://github.com/Wait720/MH,2025-09-13 19:17:41,0,2025-09-24
1056300399,Style-Naija,opethegifted/Style-Naija,https://github.com/opethegifted/Style-Naija,2025-09-13 19:50:56,0,2025-09-24
1056395286,Site,EVR-RDY/Site,https://github.com/EVR-RDY/Site,2025-09-14 02:02:34,0,2025-09-24
1056456245,fpl_buddy,Shashank-Pardeshi/fpl_buddy,https://github.com/Shashank-Pardeshi/fpl_buddy,2025-09-14 06:05:13,0,2025-09-24
1056494951,Boltz-Notebook,AtharvaTilewale/Boltz-Notebook,https://github.com/AtharvaTilewale/Boltz-Notebook,2025-09-14 08:01:34,0,2025-09-24
1056496026,PUBG-Mobile-Bypass-Antiban-BRAVE-Bypass-fixed,Laorweoz/PUBG-Mobile-Bypass-Antiban-BRAVE-Bypass-fixed,https://github.com/Laorweoz/PUBG-Mobile-Bypass-Antiban-BRAVE-Bypass-fixed,2025-09-14 08:03:55,0,2025-09-24
1056496028,PUBG-Mobile-Bypass-Source-fixed,Laorweoz/PUBG-Mobile-Bypass-Source-fixed,https://github.com/Laorweoz/PUBG-Mobile-Bypass-Source-fixed,2025-09-14 08:03:55,0,2025-09-24
1056508391,Ontum_internship,vvm98/Ontum_internship,https://github.com/vvm98/Ontum_internship,2025-09-14 08:39:35,0,2025-09-24
1056513381,UAC-Bypass-FUD,dilute7777/UAC-Bypass-FUD,https://github.com/dilute7777/UAC-Bypass-FUD,2025-09-14 08:53:54,0,2025-09-24
1056513382,Discord-Raider,dilute7777/Discord-Raider,https://github.com/dilute7777/Discord-Raider,2025-09-14 08:53:55,0,2025-09-24
1056551943,erazor-client,ShejanMahamud/erazor-client,https://github.com/ShejanMahamud/erazor-client,2025-09-14 10:36:53,0,2025-09-24
1056649476,WPManageNinja-Snippets,chinmoybiswas93/WPManageNinja-Snippets,https://github.com/chinmoybiswas93/WPManageNinja-Snippets,2025-09-14 14:29:35,0,2025-09-24
1056667423,qrsystem,HamzaElshennawy/qrsystem,https://github.com/HamzaElshennawy/qrsystem,2025-09-14 15:08:48,0,2025-09-24
1056685888,HR-Information-System,meliodaff/HR-Information-System,https://github.com/meliodaff/HR-Information-System,2025-09-14 15:49:33,0,2025-09-24
1056747142,fpga-controller-deploy,pbruyle1-boop/fpga-controller-deploy,https://github.com/pbruyle1-boop/fpga-controller-deploy,2025-09-14 18:10:36,0,2025-09-24
1056755689,x10ss-web,x10ss/x10ss-web,https://github.com/x10ss/x10ss-web,2025-09-14 18:31:23,0,2025-09-24
1056787172,Project_Langfens_Microservice,minkhoaa/Project_Langfens_Microservice,https://github.com/minkhoaa/Project_Langfens_Microservice,2025-09-14 19:55:22,0,2025-09-24
1056809189,WP-liens-morts-detector,JLG-WOCFR-DEV/WP-liens-morts-detector,https://github.com/JLG-WOCFR-DEV/WP-liens-morts-detector,2025-09-14 21:02:25,0,2025-09-24
1056811638,WP-sidebar,JLG-WOCFR-DEV/WP-sidebar,https://github.com/JLG-WOCFR-DEV/WP-sidebar,2025-09-14 21:08:37,0,2025-09-24
1056812076,WP-Sitepulse,JLG-WOCFR-DEV/WP-Sitepulse,https://github.com/JLG-WOCFR-DEV/WP-Sitepulse,2025-09-14 21:09:42,0,2025-09-24
1056814369,WP-Visibloc,JLG-WOCFR-DEV/WP-Visibloc,https://github.com/JLG-WOCFR-DEV/WP-Visibloc,2025-09-14 21:16:48,0,2025-09-24
1056823531,WP-Mon-affichage-articles,JLG-WOCFR-DEV/WP-Mon-affichage-articles,https://github.com/JLG-WOCFR-DEV/WP-Mon-affichage-articles,2025-09-14 21:48:20,0,2025-09-24
1056823947,WP-discord,JLG-WOCFR-DEV/WP-discord,https://github.com/JLG-WOCFR-DEV/WP-discord,2025-09-14 21:49:45,0,2025-09-24
1056883104,medic.In-laravel,ridha-arlian/medic.In-laravel,https://github.com/ridha-arlian/medic.In-laravel,2025-09-15 01:26:17,0,2025-09-24
1056931395,koog-spring-boot-assistant,kpavlov/koog-spring-boot-assistant,https://github.com/kpavlov/koog-spring-boot-assistant,2025-09-15 03:49:09,0,2025-09-24
1057042813,SKN17-3rd-3Team,SKNETWORKS-FAMILY-AICAMP/SKN17-3rd-3Team,https://github.com/SKNETWORKS-FAMILY-AICAMP/SKN17-3rd-3Team,2025-09-15 07:46:29,0,2025-09-24
1057057281,C2C_PP_02,svenkll/C2C_PP_02,https://github.com/svenkll/C2C_PP_02,2025-09-15 08:11:29,0,2025-09-24
1057087486,Kaamlify-download,akashtyagi25/Kaamlify-download,https://github.com/akashtyagi25/Kaamlify-download,2025-09-15 09:01:40,0,2025-09-24
1057159203,miranda_johnclarence,chongggg/miranda_johnclarence,https://github.com/chongggg/miranda_johnclarence,2025-09-15 10:58:42,0,2025-09-24
1057166958,olist_sql_python_analysis,taaesu/olist_sql_python_analysis,https://github.com/taaesu/olist_sql_python_analysis,2025-09-15 11:12:03,0,2025-09-24
1057207768,IoTuyApp,jfnukal/IoTuyApp,https://github.com/jfnukal/IoTuyApp,2025-09-15 12:20:36,0,2025-09-24
1057208740,Calculatrice-logique-binaire,BENYEKHLEF-Anouar/Calculatrice-logique-binaire,https://github.com/BENYEKHLEF-Anouar/Calculatrice-logique-binaire,2025-09-15 12:22:13,0,2025-09-24
1057227096,T2_WEB_SCRAPING,afifahnita/T2_WEB_SCRAPING,https://github.com/afifahnita/T2_WEB_SCRAPING,2025-09-15 12:51:16,0,2025-09-24
1057371305,Portfolio,gadetmartin/Portfolio,https://github.com/gadetmartin/Portfolio,2025-09-15 16:28:28,0,2025-09-24
1057381963,WP-Backup,JLG-WOCFR-DEV/WP-Backup,https://github.com/JLG-WOCFR-DEV/WP-Backup,2025-09-15 16:43:42,0,2025-09-24
1057401297,Group_5_Capstone_Project,jodida01/Group_5_Capstone_Project,https://github.com/jodida01/Group_5_Capstone_Project,2025-09-15 17:16:01,0,2025-09-24
1057414732,react--complete-guide---02-deep-dive,eph23/react--complete-guide---02-deep-dive,https://github.com/eph23/react--complete-guide---02-deep-dive,2025-09-15 17:36:57,0,2025-09-24
1057455390,CoalRepurposing,SharlotteMaxswell/CoalRepurposing,https://github.com/SharlotteMaxswell/CoalRepurposing,2025-09-15 18:46:10,0,2025-09-24
1057506295,kindredpathway,VictorGithub666/kindredpathway,https://github.com/VictorGithub666/kindredpathway,2025-09-15 20:27:15,0,2025-09-24
1057692914,portfolio-website-,Kurosagiiii/portfolio-website-,https://github.com/Kurosagiiii/portfolio-website-,2025-09-16 04:54:03,0,2025-09-24
1057766181,pre-system-desaaje,Slvyc/pre-system-desaaje,https://github.com/Slvyc/pre-system-desaaje,2025-09-16 07:18:24,0,2025-09-24
1057805501,deepqore_repo1,pratham-magar-13/deepqore_repo1,https://github.com/pratham-magar-13/deepqore_repo1,2025-09-16 08:25:59,0,2025-09-24
1057819128,Assignments,FAXU-777/Assignments,https://github.com/FAXU-777/Assignments,2025-09-16 08:48:18,0,2025-09-24
1057836238,nla2,jkruzik/nla2,https://github.com/jkruzik/nla2,2025-09-16 09:15:54,0,2025-09-24
1057840564,Portfolio-Website,Moderatorboy/Portfolio-Website,https://github.com/Moderatorboy/Portfolio-Website,2025-09-16 09:22:33,0,2025-09-24
1057848484,TrackHive,Brian-C69/TrackHive,https://github.com/Brian-C69/TrackHive,2025-09-16 09:35:18,0,2025-09-24
1057900907,tasks-calendar,atrocityz/tasks-calendar,https://github.com/atrocityz/tasks-calendar,2025-09-16 11:03:26,0,2025-09-24
1057920346,Trabalho-do-Jonatans,ruanOG-githhub/Trabalho-do-Jonatans,https://github.com/ruanOG-githhub/Trabalho-do-Jonatans,2025-09-16 11:38:28,0,2025-09-24
1057937156,Imperial-College-Capstone-Project,khanms67/Imperial-College-Capstone-Project,https://github.com/khanms67/Imperial-College-Capstone-Project,2025-09-16 12:05:55,0,2025-09-24
1057983369,Python_DE25_Lisa_Yllander,LisaYllander92/Python_DE25_Lisa_Yllander,https://github.com/LisaYllander92/Python_DE25_Lisa_Yllander,2025-09-16 13:19:40,0,2025-09-24
1057996553,flood-flow-ter-v3.0,miobueno/flood-flow-ter-v3.0,https://github.com/miobueno/flood-flow-ter-v3.0,2025-09-16 13:38:47,0,2025-09-24
1057999134,colab-stuff,Dazzler555/colab-stuff,https://github.com/Dazzler555/colab-stuff,2025-09-16 13:42:40,0,2025-09-24
1058006293,Autoria,mariaeduardagirondolli-coder/Autoria,https://github.com/mariaeduardagirondolli-coder/Autoria,2025-09-16 13:53:00,0,2025-09-24
1058021866,Autoria,renandarochadadalto-lgtm/Autoria,https://github.com/renandarochadadalto-lgtm/Autoria,2025-09-16 14:14:39,0,2025-09-24
1058038440,Carina,DIG-ID/Carina,https://github.com/DIG-ID/Carina,2025-09-16 14:37:59,0,2025-09-24
1058054486,5ARE0-ActivityRecognition,OfferPi/5ARE0-ActivityRecognition,https://github.com/OfferPi/5ARE0-ActivityRecognition,2025-09-16 15:01:20,0,2025-09-24
1058122358,AdvancedProgramming,Timobrenn/AdvancedProgramming,https://github.com/Timobrenn/AdvancedProgramming,2025-09-16 16:45:39,0,2025-09-24
1058150358,OntologyShredder_new,RagnaSol31/OntologyShredder_new,https://github.com/RagnaSol31/OntologyShredder_new,2025-09-16 17:30:50,0,2025-09-24
1058152463,MERN_STACK_RESTAURANT_RESERVATION-1,alokmaurya1234/MERN_STACK_RESTAURANT_RESERVATION-1,https://github.com/alokmaurya1234/MERN_STACK_RESTAURANT_RESERVATION-1,2025-09-16 17:34:28,0,2025-09-24
1058172953,ali-hassan-portfolio,hassanawan2211/ali-hassan-portfolio,https://github.com/hassanawan2211/ali-hassan-portfolio,2025-09-16 18:09:34,0,2025-09-24
1058250160,bitrix24,proweb-zone/bitrix24,https://github.com/proweb-zone/bitrix24,2025-09-16 20:42:03,0,2025-09-24
1058264769,kapricanon.github.io,kapricanon/kapricanon.github.io,https://github.com/kapricanon/kapricanon.github.io,2025-09-16 21:17:38,0,2025-09-24
1058266806,Theme-export-JLG,JLG-WOCFR-DEV/Theme-export-JLG,https://github.com/JLG-WOCFR-DEV/Theme-export-JLG,2025-09-16 21:23:09,0,2025-09-24
1058304224,ssh-web-site,hamzaelharadi/ssh-web-site,https://github.com/hamzaelharadi/ssh-web-site,2025-09-16 23:07:28,0,2025-09-24
1058310397,2526gs-cms5f,mafifeffindi/2526gs-cms5f,https://github.com/mafifeffindi/2526gs-cms5f,2025-09-16 23:26:48,0,2025-09-24
1058582333,URL-Shortener-Pro,Merimer08/URL-Shortener-Pro,https://github.com/Merimer08/URL-Shortener-Pro,2025-09-17 09:25:50,0,2025-09-24
1058582686,taxi-prediction-fullstack-stefan-lundberg-opa24,StefanLundberg77/taxi-prediction-fullstack-stefan-lundberg-opa24,https://github.com/StefanLundberg77/taxi-prediction-fullstack-stefan-lundberg-opa24,2025-09-17 09:26:24,0,2025-09-24
1058586627,FCA_GNN,HomuraCN/FCA_GNN,https://github.com/HomuraCN/FCA_GNN,2025-09-17 09:32:49,0,2025-09-24
1058596954,runtrack2,UberGit3001/runtrack2,https://github.com/UberGit3001/runtrack2,2025-09-17 09:49:25,0,2025-09-24
1058608134,CRISP-DM-DataSet-Temps-de-livraison,chamseddinedoulaEsprit/CRISP-DM-DataSet-Temps-de-livraison,https://github.com/chamseddinedoulaEsprit/CRISP-DM-DataSet-Temps-de-livraison,2025-09-17 10:06:50,0,2025-09-24
1058622615,write_note,Ahmedsportdev/write_note,https://github.com/Ahmedsportdev/write_note,2025-09-17 10:30:52,0,2025-09-24
1058649933,API_BANKING_PAYMENTT,Hanzala0100/API_BANKING_PAYMENTT,https://github.com/Hanzala0100/API_BANKING_PAYMENTT,2025-09-17 11:17:19,0,2025-09-24
1058654048,ibm-ml,anant-jain01/ibm-ml,https://github.com/anant-jain01/ibm-ml,2025-09-17 11:24:20,0,2025-09-24
1058690539,svelte-todo-kanban,kasparpalgi/svelte-todo-kanban,https://github.com/kasparpalgi/svelte-todo-kanban,2025-09-17 12:25:06,0,2025-09-24
1058692301,FastAPI_Exercise,iPad7/FastAPI_Exercise,https://github.com/iPad7/FastAPI_Exercise,2025-09-17 12:27:58,0,2025-09-24
1058696598,SLibrary,Sally-Alhomoz/SLibrary,https://github.com/Sally-Alhomoz/SLibrary,2025-09-17 12:34:37,0,2025-09-24
1058703157,JavaScriptTest,onzk0120/JavaScriptTest,https://github.com/onzk0120/JavaScriptTest,2025-09-17 12:45:03,0,2025-09-24
1058721586,fastcrud,mzgs/fastcrud,https://github.com/mzgs/fastcrud,2025-09-17 13:13:23,0,2025-09-24
1058726819,Alvasportfolio.github.io,Alva-Zetterblom/Alvasportfolio.github.io,https://github.com/Alva-Zetterblom/Alvasportfolio.github.io,2025-09-17 13:21:29,0,2025-09-24
1058745104,what_makes_lands_happy,asseternity/what_makes_lands_happy,https://github.com/asseternity/what_makes_lands_happy,2025-09-17 13:47:46,0,2025-09-24
1058765587,api-supermarket,gabrielsilveiralim/api-supermarket,https://github.com/gabrielsilveiralim/api-supermarket,2025-09-17 14:16:51,0,2025-09-24
1058773601,blog_dashboard,AhmedSala51998/blog_dashboard,https://github.com/AhmedSala51998/blog_dashboard,2025-09-17 14:28:16,0,2025-09-24
1058790971,2025-class-gse,cschung7/2025-class-gse,https://github.com/cschung7/2025-class-gse,2025-09-17 14:52:35,0,2025-09-24
1058855269,gestaobeneficios,GabrielBaumann/gestaobeneficios,https://github.com/GabrielBaumann/gestaobeneficios,2025-09-17 16:32:35,0,2025-09-24
1058911703,INTERIOR,sanju0044/INTERIOR,https://github.com/sanju0044/INTERIOR,2025-09-17 18:05:50,0,2025-09-24
1059120659,ipupy_tesoreria,anthonybir/ipupy_tesoreria,https://github.com/anthonybir/ipupy_tesoreria,2025-09-18 03:02:36,0,2025-09-24
1059129781,digibot-chat,halilozanyasar-cpu/digibot-chat,https://github.com/halilozanyasar-cpu/digibot-chat,2025-09-18 03:27:09,0,2025-09-24
1059185682,welcomeDevops,EshaAshfaq-ITstudent/welcomeDevops,https://github.com/EshaAshfaq-ITstudent/welcomeDevops,2025-09-18 05:41:48,0,2025-09-24
1059252661,cultura_napoli,henrygri/cultura_napoli,https://github.com/henrygri/cultura_napoli,2025-09-18 07:45:18,0,2025-09-24
1059299189,Sivabalan_Xnovaq,lermisiva/Sivabalan_Xnovaq,https://github.com/lermisiva/Sivabalan_Xnovaq,2025-09-18 09:03:14,0,2025-09-24
1059308416,ABCHtml,eldar202020/ABCHtml,https://github.com/eldar202020/ABCHtml,2025-09-18 09:17:20,0,2025-09-24
1059309819,TAP,thinganhado/TAP,https://github.com/thinganhado/TAP,2025-09-18 09:19:30,0,2025-09-24
1059316711,sabhapokharihydro-react,kevin272/sabhapokharihydro-react,https://github.com/kevin272/sabhapokharihydro-react,2025-09-18 09:30:34,0,2025-09-24
1059327899,XWorm-V5.6-Source,wmaowm/XWorm-V5.6-Source,https://github.com/wmaowm/XWorm-V5.6-Source,2025-09-18 09:48:52,0,2025-09-24
1059327900,ICARUS-HVNC,wmaowm/ICARUS-HVNC,https://github.com/wmaowm/ICARUS-HVNC,2025-09-18 09:48:52,0,2025-09-24
1059343241,HWID-Spoofer-Simple,Chimosowm/HWID-Spoofer-Simple,https://github.com/Chimosowm/HWID-Spoofer-Simple,2025-09-18 10:13:40,0,2025-09-24
1059345046,ml_projects,dharmendra293/ml_projects,https://github.com/dharmendra293/ml_projects,2025-09-18 10:16:47,0,2025-09-24
1059391095,mystery-message,sandipsinghparmar18/mystery-message,https://github.com/sandipsinghparmar18/mystery-message,2025-09-18 11:36:29,0,2025-09-24
1059503521,Nova-Att-Paula,igorferreira083/Nova-Att-Paula,https://github.com/igorferreira083/Nova-Att-Paula,2025-09-18 14:29:57,0,2025-09-24
1059570626,settings,nhwin304/settings,https://github.com/nhwin304/settings,2025-09-18 16:12:54,0,2025-09-24
1059575761,Yimeng-Chen.github.io,Yimeng-Chen/Yimeng-Chen.github.io,https://github.com/Yimeng-Chen/Yimeng-Chen.github.io,2025-09-18 16:21:33,0,2025-09-24
1059591318,ExcelEaterConsoleEdition,Anders1733/ExcelEaterConsoleEdition,https://github.com/Anders1733/ExcelEaterConsoleEdition,2025-09-18 16:47:43,0,2025-09-24
1059596701,Premium-Hwid-Spoofer,Kasowmka/Premium-Hwid-Spoofer,https://github.com/Kasowmka/Premium-Hwid-Spoofer,2025-09-18 16:57:02,0,2025-09-24
1059928746,DataStructures2025,monomarine/DataStructures2025,https://github.com/monomarine/DataStructures2025,2025-09-19 06:33:05,0,2025-09-24
1059954493,Legal-Simplifier,kartheekarepalle/Legal-Simplifier,https://github.com/kartheekarepalle/Legal-Simplifier,2025-09-19 07:20:07,0,2025-09-24
1059983207,HomeExchange-API,dinabecirovic/HomeExchange-API,https://github.com/dinabecirovic/HomeExchange-API,2025-09-19 08:13:25,0,2025-09-24
1059990409,IAI_listy190925,FernityIgor/IAI_listy190925,https://github.com/FernityIgor/IAI_listy190925,2025-09-19 08:26:43,0,2025-09-24
1059999893,Computational-Carpentry-Project,ariadnadavila/Computational-Carpentry-Project,https://github.com/ariadnadavila/Computational-Carpentry-Project,2025-09-19 08:42:56,0,2025-09-24
1060068461,01_Generalized_Linear_Models_Python,zia207/01_Generalized_Linear_Models_Python,https://github.com/zia207/01_Generalized_Linear_Models_Python,2025-09-19 10:40:06,0,2025-09-24
1060081258,Payment-App,LeTHaLOp17/Payment-App,https://github.com/LeTHaLOp17/Payment-App,2025-09-19 11:04:01,0,2025-09-24
1060087625,Flex,Fernanda8234/Flex,https://github.com/Fernanda8234/Flex,2025-09-19 11:16:04,0,2025-09-24
1060093433,coca-cola,Gustavo-gtJA/coca-cola,https://github.com/Gustavo-gtJA/coca-cola,2025-09-19 11:26:47,0,2025-09-24
1060101334,coca-cola,Daniele-SS/coca-cola,https://github.com/Daniele-SS/coca-cola,2025-09-19 11:41:12,0,2025-09-24
1060106607,Polytrack-leaderboard,theBoss-png/Polytrack-leaderboard,https://github.com/theBoss-png/Polytrack-leaderboard,2025-09-19 11:51:04,0,2025-09-24
1060108098,coca-cola,Nephyro/coca-cola,https://github.com/Nephyro/coca-cola,2025-09-19 11:53:53,0,2025-09-24
1060167332,LMT,Aleksey55555/LMT,https://github.com/Aleksey55555/LMT,2025-09-19 13:37:31,0,2025-09-24
1060220151,ExpressoReal,danielmuitolegal/ExpressoReal,https://github.com/danielmuitolegal/ExpressoReal,2025-09-19 15:01:09,0,2025-09-24
1060308213,test,olhayakubovska/test,https://github.com/olhayakubovska/test,2025-09-19 17:40:25,0,2025-09-24
1060353242,QueluzApp_Web,Luiz-PrefeituraTI/QueluzApp_Web,https://github.com/Luiz-PrefeituraTI/QueluzApp_Web,2025-09-19 19:11:36,0,2025-09-24
1060396576,Project-Saude-ja,Gustavo-SX/Project-Saude-ja,https://github.com/Gustavo-SX/Project-Saude-ja,2025-09-19 20:57:51,0,2025-09-24
1060427927,reddit_vectorization_v1,J-Landess/reddit_vectorization_v1,https://github.com/J-Landess/reddit_vectorization_v1,2025-09-19 22:37:33,0,2025-09-24
1060502589,eGov-Bot-LocalVersion,leminhkhai345/eGov-Bot-LocalVersion,https://github.com/leminhkhai345/eGov-Bot-LocalVersion,2025-09-20 03:22:54,0,2025-09-24
1060557385,tsgrep,shantanu2307/tsgrep,https://github.com/shantanu2307/tsgrep,2025-09-20 06:08:52,0,2025-09-24
1060614564,getmycreative_platform,millionaireboi/getmycreative_platform,https://github.com/millionaireboi/getmycreative_platform,2025-09-20 08:39:05,0,2025-09-24
1060646962,shipport,alexkenko/shipport,https://github.com/alexkenko/shipport,2025-09-20 09:59:23,0,2025-09-24
1060670185,mlproject,gator-ryan/mlproject,https://github.com/gator-ryan/mlproject,2025-09-20 10:58:03,0,2025-09-24
1060675780,Machine-Learning,ganeshbgunjal/Machine-Learning,https://github.com/ganeshbgunjal/Machine-Learning,2025-09-20 11:12:29,0,2025-09-24
1060692429,bedroompop,seraphinareed/bedroompop,https://github.com/seraphinareed/bedroompop,2025-09-20 11:56:25,0,2025-09-24
1060773954,CasinoGame,tttommyb/CasinoGame,https://github.com/tttommyb/CasinoGame,2025-09-20 15:08:24,0,2025-09-24
1060795933,photo-memories,magicsunday/photo-memories,https://github.com/magicsunday/photo-memories,2025-09-20 15:59:48,0,2025-09-24
1060808444,ChatGPT-Clone,Naman80/ChatGPT-Clone,https://github.com/Naman80/ChatGPT-Clone,2025-09-20 16:28:09,0,2025-09-24
1060905296,CMIT-microstructures-diffusion,JonathanStam/CMIT-microstructures-diffusion,https://github.com/JonathanStam/CMIT-microstructures-diffusion,2025-09-20 20:43:19,0,2025-09-24
1060947080,WebSystem_HMS_G8,SlowlyKent/WebSystem_HMS_G8,https://github.com/SlowlyKent/WebSystem_HMS_G8,2025-09-20 23:22:06,0,2025-09-24
1060963815,RAG-EcoFrance,DataEngineer87/RAG-EcoFrance,https://github.com/DataEngineer87/RAG-EcoFrance,2025-09-21 00:36:53,0,2025-09-24
1061081609,tsushima,deepakpatnaik1/tsushima,https://github.com/deepakpatnaik1/tsushima,2025-09-21 07:43:16,0,2025-09-24
1061085117,quantumFPO,lxtececo/quantumFPO,https://github.com/lxtececo/quantumFPO,2025-09-21 07:53:41,0,2025-09-24
1061094786,MFree,kunteinzo/MFree,https://github.com/kunteinzo/MFree,2025-09-21 08:20:49,0,2025-09-24
1061115720,codex-test,kobynocode/codex-test,https://github.com/kobynocode/codex-test,2025-09-21 09:20:15,0,2025-09-24
1061128447,C-_Study,dozero25/C-_Study,https://github.com/dozero25/C-_Study,2025-09-21 09:54:09,0,2025-09-24
1061169249,Mo3lmy,Mo3lmy/Mo3lmy,https://github.com/Mo3lmy/Mo3lmy,2025-09-21 11:39:23,0,2025-09-24
1061175424,rss-feeds,denkacs-star/rss-feeds,https://github.com/denkacs-star/rss-feeds,2025-09-21 11:55:25,0,2025-09-24
1061177867,gitadesign.github.io,gitadesign/gitadesign.github.io,https://github.com/gitadesign/gitadesign.github.io,2025-09-21 12:01:32,0,2025-09-24
1061179670,daily-practice,HamidMovahhedi/daily-practice,https://github.com/HamidMovahhedi/daily-practice,2025-09-21 12:05:24,0,2025-09-24
1061201782,GTSRB-Traffic-Sign-Prediction,bhavyathatavarthi/GTSRB-Traffic-Sign-Prediction,https://github.com/bhavyathatavarthi/GTSRB-Traffic-Sign-Prediction,2025-09-21 12:59:53,0,2025-09-24
1061214475,InstagramCloneBackend,MustafaUmutIdam/InstagramCloneBackend,https://github.com/MustafaUmutIdam/InstagramCloneBackend,2025-09-21 13:29:16,0,2025-09-24
1061229752,testing-task,code-hamster-09/testing-task,https://github.com/code-hamster-09/testing-task,2025-09-21 14:02:59,0,2025-09-24
1061246749,dashboard-lpack,TimurTurdyev/dashboard-lpack,https://github.com/TimurTurdyev/dashboard-lpack,2025-09-21 14:40:02,0,2025-09-24
1061287983,huizhiLLL.github.io,huizhiLLL/huizhiLLL.github.io,https://github.com/huizhiLLL/huizhiLLL.github.io,2025-09-21 16:09:17,0,2025-09-24
1061303878,UninaFoodLab,Daniele04-creator/UninaFoodLab,https://github.com/Daniele04-creator/UninaFoodLab,2025-09-21 16:44:20,0,2025-09-24
1061323979,wireframe-to-production,Jamal-Raja/wireframe-to-production,https://github.com/Jamal-Raja/wireframe-to-production,2025-09-21 17:27:44,0,2025-09-24
1061337471,ITiVP_1,KrisPNa/ITiVP_1,https://github.com/KrisPNa/ITiVP_1,2025-09-21 17:57:14,0,2025-09-24
1061348082,CodeShare,msudipta15/CodeShare,https://github.com/msudipta15/CodeShare,2025-09-21 18:19:52,0,2025-09-24
1061442162,Axion,Joshua65676/Axion,https://github.com/Joshua65676/Axion,2025-09-21 22:56:04,0,2025-09-24
1061552303,rockPaperScissors_prjct,asiya2123/rockPaperScissors_prjct,https://github.com/asiya2123/rockPaperScissors_prjct,2025-09-22 04:38:20,0,2025-09-24
1061589431,new_uc,navaneethan077/new_uc,https://github.com/navaneethan077/new_uc,2025-09-22 06:02:23,0,2025-09-24
1061630058,property_site,sriramneelamegam04/property_site,https://github.com/sriramneelamegam04/property_site,2025-09-22 07:15:40,0,2025-09-24
1061641902,Healthy-app,dingoskye/Healthy-app,https://github.com/dingoskye/Healthy-app,2025-09-22 07:36:35,0,2025-09-24
1061652319,TLE1-Experimenteren-Anti-AI-Captcha,Quinten-1074726/TLE1-Experimenteren-Anti-AI-Captcha,https://github.com/Quinten-1074726/TLE1-Experimenteren-Anti-AI-Captcha,2025-09-22 07:55:17,0,2025-09-24
1061659454,react-starting-project,keremc4306/react-starting-project,https://github.com/keremc4306/react-starting-project,2025-09-22 08:06:43,0,2025-09-24
1061666762,IAExplicable_Proyectos,PepBiel/IAExplicable_Proyectos,https://github.com/PepBiel/IAExplicable_Proyectos,2025-09-22 08:18:43,0,2025-09-24
1061667591,StallEasy,sagarika2426/StallEasy,https://github.com/sagarika2426/StallEasy,2025-09-22 08:20:03,0,2025-09-24
1061671155,laravel12-pos,bahrylanckerz/laravel12-pos,https://github.com/bahrylanckerz/laravel12-pos,2025-09-22 08:26:21,0,2025-09-24
1061672104,packages,AuricLabs/packages,https://github.com/AuricLabs/packages,2025-09-22 08:27:52,0,2025-09-24
1061706761,Csharp-Version1-Samples,luiscoco/Csharp-Version1-Samples,https://github.com/luiscoco/Csharp-Version1-Samples,2025-09-22 09:22:37,0,2025-09-24
1061707897,Clonebuilder,Roy-Kurian/Clonebuilder,https://github.com/Roy-Kurian/Clonebuilder,2025-09-22 09:24:26,0,2025-09-24
1061739033,Snake-game3,Holly-Polly-games/Snake-game3,https://github.com/Holly-Polly-games/Snake-game3,2025-09-22 10:13:56,0,2025-09-24
1061753276,base-state,Aren1414/base-state,https://github.com/Aren1414/base-state,2025-09-22 10:37:54,0,2025-09-24
1061769778,webar-mini-viewer,KrischiHH/webar-mini-viewer,https://github.com/KrischiHH/webar-mini-viewer,2025-09-22 11:06:51,0,2025-09-24
1061769822,Graphics-Lab,Seanq69/Graphics-Lab,https://github.com/Seanq69/Graphics-Lab,2025-09-22 11:06:54,0,2025-09-24
1061774532,ProjetoFilmeflix,anastacius/ProjetoFilmeflix,https://github.com/anastacius/ProjetoFilmeflix,2025-09-22 11:15:07,0,2025-09-24
1061776257,WeatherTelegramBot,pollosatyi/WeatherTelegramBot,https://github.com/pollosatyi/WeatherTelegramBot,2025-09-22 11:18:02,0,2025-09-24
1061776544,home-dash,Bigalan09/home-dash,https://github.com/Bigalan09/home-dash,2025-09-22 11:18:32,0,2025-09-24
1061781294,Tyuiu.SherenkovIR.Sprint1,SherenkovIvan/Tyuiu.SherenkovIR.Sprint1,https://github.com/SherenkovIvan/Tyuiu.SherenkovIR.Sprint1,2025-09-22 11:26:56,0,2025-09-24
1061782629,fbo_pricing,Muhammadinaam/fbo_pricing,https://github.com/Muhammadinaam/fbo_pricing,2025-09-22 11:29:12,0,2025-09-24
1061783034,myhub,Gabriel7721/myhub,https://github.com/Gabriel7721/myhub,2025-09-22 11:29:54,0,2025-09-24
1061789578,LaCremerie90.github.io,LaCremerie90/LaCremerie90.github.io,https://github.com/LaCremerie90/LaCremerie90.github.io,2025-09-22 11:41:44,0,2025-09-24
1061794068,php_playground,itomski/php_playground,https://github.com/itomski/php_playground,2025-09-22 11:49:34,0,2025-09-24
1061797733,civ,ter7ter/civ,https://github.com/ter7ter/civ,2025-09-22 11:55:51,0,2025-09-24
1061799457,wsl-multicast-adapter,ptfpinho23/wsl-multicast-adapter,https://github.com/ptfpinho23/wsl-multicast-adapter,2025-09-22 11:58:50,0,2025-09-24
1061801994,MyLittleWarrior,TiaanDorfling/MyLittleWarrior,https://github.com/TiaanDorfling/MyLittleWarrior,2025-09-22 12:02:48,0,2025-09-24
1061803300,birlik-dev,AStudioDev/birlik-dev,https://github.com/AStudioDev/birlik-dev,2025-09-22 12:04:50,0,2025-09-24
1061814267,Data_Camp_Projects,SauloLacerdaP/Data_Camp_Projects,https://github.com/SauloLacerdaP/Data_Camp_Projects,2025-09-22 12:23:06,0,2025-09-24
1061833522,SEM3_PemrogramanWeb-P5,Maulanahb/SEM3_PemrogramanWeb-P5,https://github.com/Maulanahb/SEM3_PemrogramanWeb-P5,2025-09-22 12:54:40,0,2025-09-24
1061837629,MyCinemaBackend,BlackHause/MyCinemaBackend,https://github.com/BlackHause/MyCinemaBackend,2025-09-22 13:01:07,0,2025-09-24
1061863385,bloomingcare-web-site,bloomingcare/bloomingcare-web-site,https://github.com/bloomingcare/bloomingcare-web-site,2025-09-22 13:40:31,0,2025-09-24
1061878079,icra2026,deformable-workshop/icra2026,https://github.com/deformable-workshop/icra2026,2025-09-22 14:02:04,0,2025-09-24
1061893802,ascend_ap,poppopstudio/ascend_ap,https://github.com/poppopstudio/ascend_ap,2025-09-22 14:24:40,0,2025-09-24
1061898642,cmp-deep-dive,rbl-20241/cmp-deep-dive,https://github.com/rbl-20241/cmp-deep-dive,2025-09-22 14:31:40,0,2025-09-24
1061938158,Simple-embodied-agent-interface,necoarcreator/Simple-embodied-agent-interface,https://github.com/necoarcreator/Simple-embodied-agent-interface,2025-09-22 15:30:49,0,2025-09-24
1061965246,WebsiteTrangTin,tpcuong/WebsiteTrangTin,https://github.com/tpcuong/WebsiteTrangTin,2025-09-22 16:11:08,0,2025-09-24
1061999966,design_soft_basic,iurii1801/design_soft_basic,https://github.com/iurii1801/design_soft_basic,2025-09-22 17:06:52,0,2025-09-24
1062066167,Fuel-Efficiency-Turbine-Health-Monitor,Sedhulingam/Fuel-Efficiency-Turbine-Health-Monitor,https://github.com/Sedhulingam/Fuel-Efficiency-Turbine-Health-Monitor,2025-09-22 18:59:17,0,2025-09-24
1062083347,InventoryManagement,duchmhe181668/InventoryManagement,https://github.com/duchmhe181668/InventoryManagement,2025-09-22 19:32:30,0,2025-09-24
1062084455,Nezha-social_links_profile,nezhanour/Nezha-social_links_profile,https://github.com/nezhanour/Nezha-social_links_profile,2025-09-22 19:34:31,0,2025-09-24
1062087534,weird-portfolio,kwabsntim/weird-portfolio,https://github.com/kwabsntim/weird-portfolio,2025-09-22 19:40:11,0,2025-09-24
1062096131,random-tilings,MaxvanHorssen/random-tilings,https://github.com/MaxvanHorssen/random-tilings,2025-09-22 19:56:48,0,2025-09-24
1062159649,folior,axelfrache/folior,https://github.com/axelfrache/folior,2025-09-22 22:18:22,0,2025-09-24
1062178865,Bohemia_Solutions,BlondyZ/Bohemia_Solutions,https://github.com/BlondyZ/Bohemia_Solutions,2025-09-22 23:12:59,0,2025-09-24
1062178997,GenshinImpact-DialogueSkipper,spectreq666/GenshinImpact-DialogueSkipper,https://github.com/spectreq666/GenshinImpact-DialogueSkipper,2025-09-22 23:13:24,0,2025-09-24
1062196438,portfolio-website,procodes27/portfolio-website,https://github.com/procodes27/portfolio-website,2025-09-23 00:07:31,0,2025-09-24
1062206341,memeup.api,DmytroKuzmenko/memeup.api,https://github.com/DmytroKuzmenko/memeup.api,2025-09-23 00:38:07,0,2025-09-24
1062292503,tonycustom,ahsan-alam-500/tonycustom,https://github.com/ahsan-alam-500/tonycustom,2025-09-23 04:25:43,0,2025-09-24
1062306287,bkgOnlineL,Radwan-Ahmed/bkgOnlineL,https://github.com/Radwan-Ahmed/bkgOnlineL,2025-09-23 04:59:15,0,2025-09-24
1062314282,ajay-portfolio,ajay2000kumar/ajay-portfolio,https://github.com/ajay2000kumar/ajay-portfolio,2025-09-23 05:17:48,0,2025-09-24
1062335851,hypixel-skyblock-mayor-predictor,MashClashXD/hypixel-skyblock-mayor-predictor,https://github.com/MashClashXD/hypixel-skyblock-mayor-predictor,2025-09-23 06:02:44,0,2025-09-24
1062367440,antiprocastrinacion,EscalaDigital/antiprocastrinacion,https://github.com/EscalaDigital/antiprocastrinacion,2025-09-23 06:58:03,0,2025-09-24
1062379856,picker-site,drcryptooff/picker-site,https://github.com/drcryptooff/picker-site,2025-09-23 07:20:24,0,2025-09-24
1062383644,Hackathon,linjacques/Hackathon,https://github.com/linjacques/Hackathon,2025-09-23 07:26:39,0,2025-09-24
1062437222,mobilo,margusaume/mobilo,https://github.com/margusaume/mobilo,2025-09-23 08:56:17,0,2025-09-24
1062464314,spno-blog-listing,webpiloten/spno-blog-listing,https://github.com/webpiloten/spno-blog-listing,2025-09-23 09:39:45,0,2025-09-24
1062488176,jobjua-emerge-connect,offic-roger/jobjua-emerge-connect,https://github.com/offic-roger/jobjua-emerge-connect,2025-09-23 10:18:52,0,2025-09-24
1062494884,test09,leelione-hub/test09,https://github.com/leelione-hub/test09,2025-09-23 10:30:16,0,2025-09-24
1062499367,PharmaModel,Karan558/PharmaModel,https://github.com/Karan558/PharmaModel,2025-09-23 10:37:21,0,2025-09-24
1062499808,animations,ceh-2000/animations,https://github.com/ceh-2000/animations,2025-09-23 10:38:12,0,2025-09-24
1062501363,Yandex_Practikum_DS,ivanovandrey19spb-sbis/Yandex_Practikum_DS,https://github.com/ivanovandrey19spb-sbis/Yandex_Practikum_DS,2025-09-23 10:41:06,0,2025-09-24
1062501423,ML_homeworks,mirzafarangi/ML_homeworks,https://github.com/mirzafarangi/ML_homeworks,2025-09-23 10:41:11,0,2025-09-24
1062511357,Hunting-for-exoplanets-using-ML,ChethanaSV/Hunting-for-exoplanets-using-ML,https://github.com/ChethanaSV/Hunting-for-exoplanets-using-ML,2025-09-23 10:58:36,0,2025-09-24
1062511618,52_hezi_imnotahuman,jack20209527/52_hezi_imnotahuman,https://github.com/jack20209527/52_hezi_imnotahuman,2025-09-23 10:59:05,0,2025-09-24
1062516937,Exploratory-Data-Analysis,andiubaid09/Exploratory-Data-Analysis,https://github.com/andiubaid09/Exploratory-Data-Analysis,2025-09-23 11:07:53,0,2025-09-24
1062521488,deliverio-shirin1,Shirin-alt/deliverio-shirin1,https://github.com/Shirin-alt/deliverio-shirin1,2025-09-23 11:15:58,0,2025-09-24
1062523051,MarketingCampaignAnalysis,Kam-Willy/MarketingCampaignAnalysis,https://github.com/Kam-Willy/MarketingCampaignAnalysis,2025-09-23 11:18:34,0,2025-09-24
1062533281,Fakenewsdetection_project,aroojjjjjjj/Fakenewsdetection_project,https://github.com/aroojjjjjjj/Fakenewsdetection_project,2025-09-23 11:35:38,0,2025-09-24
1062535651,Ejercicios23-09-2025,adlinare/Ejercicios23-09-2025,https://github.com/adlinare/Ejercicios23-09-2025,2025-09-23 11:39:56,0,2025-09-24
1062536583,Portfolio,parvez-144/Portfolio,https://github.com/parvez-144/Portfolio,2025-09-23 11:41:35,0,2025-09-24
1062538323,mightee-class-pub,pfunzowalter/mightee-class-pub,https://github.com/pfunzowalter/mightee-class-pub,2025-09-23 11:44:40,0,2025-09-24
1062539190,school,robinhel/school,https://github.com/robinhel/school,2025-09-23 11:46:12,0,2025-09-24
1062542356,ci-cd-demo,BarkMergers/ci-cd-demo,https://github.com/BarkMergers/ci-cd-demo,2025-09-23 11:51:28,0,2025-09-24
1062544637,ElderlySafe,changxuanfan/ElderlySafe,https://github.com/changxuanfan/ElderlySafe,2025-09-23 11:55:22,0,2025-09-24
1062550191,lab-analyzer,riabykh/lab-analyzer,https://github.com/riabykh/lab-analyzer,2025-09-23 12:04:45,0,2025-09-24
1062552861,Data-Analyst,Mrtito85/Data-Analyst,https://github.com/Mrtito85/Data-Analyst,2025-09-23 12:09:21,0,2025-09-24
1062563587,MUD_Coda,Dylserker/MUD_Coda,https://github.com/Dylserker/MUD_Coda,2025-09-23 12:27:04,0,2025-09-24
1062564320,n8n-nodes-sms8io,sms8-n8n/n8n-nodes-sms8io,https://github.com/sms8-n8n/n8n-nodes-sms8io,2025-09-23 12:28:16,0,2025-09-24
1062569612,kpods,RioTinn/kpods,https://github.com/RioTinn/kpods,2025-09-23 12:36:41,0,2025-09-24
1062570739,Indlog_network_php,vsiva253/Indlog_network_php,https://github.com/vsiva253/Indlog_network_php,2025-09-23 12:38:31,0,2025-09-24
1062575399,php-basic-kadai,yuya-1219/php-basic-kadai,https://github.com/yuya-1219/php-basic-kadai,2025-09-23 12:46:18,0,2025-09-24
1062590209,E-COMMERCE-TUGAS-AKHIR,jonalexanderhere/E-COMMERCE-TUGAS-AKHIR,https://github.com/jonalexanderhere/E-COMMERCE-TUGAS-AKHIR,2025-09-23 13:09:46,0,2025-09-24
1062594271,Contactform,sephirimankge-lgtm/Contactform,https://github.com/sephirimankge-lgtm/Contactform,2025-09-23 13:15:50,0,2025-09-24
1062594695,lab3,lemonchek/lab3,https://github.com/lemonchek/lab3,2025-09-23 13:16:24,0,2025-09-24
1062606496,Daybreak-V2,samjoash9/Daybreak-V2,https://github.com/samjoash9/Daybreak-V2,2025-09-23 13:33:22,0,2025-09-24
1062608284,Statistical_Quality_Control_Analysis,PIETRO-ing/Statistical_Quality_Control_Analysis,https://github.com/PIETRO-ing/Statistical_Quality_Control_Analysis,2025-09-23 13:35:52,0,2025-09-24
1062623187,Segunda-Gorbea,Xexo77/Segunda-Gorbea,https://github.com/Xexo77/Segunda-Gorbea,2025-09-23 13:57:05,0,2025-09-24
1062659306,ESMENDA-PYTHON-EXP4,Yaz-mie/ESMENDA-PYTHON-EXP4,https://github.com/Yaz-mie/ESMENDA-PYTHON-EXP4,2025-09-23 14:48:17,0,2025-09-24
1062659481,Csharp_Algoritms,Alx-a-cod/Csharp_Algoritms,https://github.com/Alx-a-cod/Csharp_Algoritms,2025-09-23 14:48:33,0,2025-09-24
1062664762,PROGETTO_PHP,a080502/PROGETTO_PHP,https://github.com/a080502/PROGETTO_PHP,2025-09-23 14:56:16,0,2025-09-24
1062670772,jeu_n-1_procedural,Tristan97438/jeu_n-1_procedural,https://github.com/Tristan97438/jeu_n-1_procedural,2025-09-23 15:05:07,0,2025-09-24
1062683574,Sustainable_Finance_Project_1,STEG-cpu/Sustainable_Finance_Project_1,https://github.com/STEG-cpu/Sustainable_Finance_Project_1,2025-09-23 15:24:39,0,2025-09-24
1062686541,MyPortfolio,Alice43641/MyPortfolio,https://github.com/Alice43641/MyPortfolio,2025-09-23 15:29:23,0,2025-09-24
1062697319,TaskApp,Unknown-Tee/TaskApp,https://github.com/Unknown-Tee/TaskApp,2025-09-23 15:45:38,0,2025-09-24
1062698997,BitrixApp,Kaelmur/BitrixApp,https://github.com/Kaelmur/BitrixApp,2025-09-23 15:48:13,0,2025-09-24
1062699261,api-cs,drgabrielmaia/api-cs,https://github.com/drgabrielmaia/api-cs,2025-09-23 15:48:41,0,2025-09-24
1062712398,LuexCart,jaldesai567/LuexCart,https://github.com/jaldesai567/LuexCart,2025-09-23 16:09:55,0,2025-09-24
1062712472,Flaiano-Computational-Narratology,slilli23/Flaiano-Computational-Narratology,https://github.com/slilli23/Flaiano-Computational-Narratology,2025-09-23 16:10:02,0,2025-09-24
1062717721,cider_dictionary,JacobMcNulty-AI-Solutions/cider_dictionary,https://github.com/JacobMcNulty-AI-Solutions/cider_dictionary,2025-09-23 16:18:38,0,2025-09-24
1062736267,backend,idkorki/backend,https://github.com/idkorki/backend,2025-09-23 16:49:47,0,2025-09-24
1062745598,JP-MORGAN,JosselinPerret/JP-MORGAN,https://github.com/JosselinPerret/JP-MORGAN,2025-09-23 17:05:57,0,2025-09-24
1062747621,CryptoExchange,fjeller-adesso/CryptoExchange,https://github.com/fjeller-adesso/CryptoExchange,2025-09-23 17:09:25,0,2025-09-24
1062758083,sszirnyi.github.io,sszirnyi/sszirnyi.github.io,https://github.com/sszirnyi/sszirnyi.github.io,2025-09-23 17:27:43,0,2025-09-24
1062760101,rinagy.github.io,rinagy/rinagy.github.io,https://github.com/rinagy/rinagy.github.io,2025-09-23 17:30:58,0,2025-09-24
1062780581,sentinelnlp,salonisingh11/sentinelnlp,https://github.com/salonisingh11/sentinelnlp,2025-09-23 18:05:39,0,2025-09-24
1062786433,Ecommerce-Project,saraabraham/Ecommerce-Project,https://github.com/saraabraham/Ecommerce-Project,2025-09-23 18:15:56,0,2025-09-24
1062786814,Resume-Landing,MattoYuzuru/Resume-Landing,https://github.com/MattoYuzuru/Resume-Landing,2025-09-23 18:16:32,0,2025-09-24
1062793078,HelloWorldContainer,kristiangronli/HelloWorldContainer,https://github.com/kristiangronli/HelloWorldContainer,2025-09-23 18:28:05,0,2025-09-24
1062795242,Portfolio,lyrehcAu/Portfolio,https://github.com/lyrehcAu/Portfolio,2025-09-23 18:32:15,0,2025-09-24
1062795395,OutputtingArrayRecursion,AwaIIenceCode/OutputtingArrayRecursion,https://github.com/AwaIIenceCode/OutputtingArrayRecursion,2025-09-23 18:32:31,0,2025-09-24
1062797469,income_predection,Moaz14060/income_predection,https://github.com/Moaz14060/income_predection,2025-09-23 18:36:23,0,2025-09-24
1062798480,report_automation,rodrigoyuji22/report_automation,https://github.com/rodrigoyuji22/report_automation,2025-09-23 18:38:19,0,2025-09-24
1062798675,MIXNOW.CL-HORMIGONES,c-adg/MIXNOW.CL-HORMIGONES,https://github.com/c-adg/MIXNOW.CL-HORMIGONES,2025-09-23 18:38:43,0,2025-09-24
1062798749,porto,ImpactTrip/porto,https://github.com/ImpactTrip/porto,2025-09-23 18:38:50,0,2025-09-24
1062815942,XR-Individual-assignment,leechunsiang/XR-Individual-assignment,https://github.com/leechunsiang/XR-Individual-assignment,2025-09-23 19:12:22,0,2025-09-24
1062825908,predictive-risk-scoring,harideegee/predictive-risk-scoring,https://github.com/harideegee/predictive-risk-scoring,2025-09-23 19:32:40,0,2025-09-24
1062826576,geradorDeSenha,hugopamponet/geradorDeSenha,https://github.com/hugopamponet/geradorDeSenha,2025-09-23 19:33:55,0,2025-09-24
1062833295,my-first-js-project,Lauramarie1612/my-first-js-project,https://github.com/Lauramarie1612/my-first-js-project,2025-09-23 19:47:10,0,2025-09-24
1062835965,dillkhus.github.io,dillkhus/dillkhus.github.io,https://github.com/dillkhus/dillkhus.github.io,2025-09-23 19:52:13,0,2025-09-24
1062861076,machine-learning,yimgakevin/machine-learning,https://github.com/yimgakevin/machine-learning,2025-09-23 20:45:55,0,2025-09-24
1062865683,nfse,alyssonzanchi/nfse,https://github.com/alyssonzanchi/nfse,2025-09-23 20:56:52,0,2025-09-24
1062881294,car_management_system,Antasakul/car_management_system,https://github.com/Antasakul/car_management_system,2025-09-23 21:32:03,0,2025-09-24
1062881371,pjacooper.com,pjacooper/pjacooper.com,https://github.com/pjacooper/pjacooper.com,2025-09-23 21:32:13,0,2025-09-24
1062905988,futuro-da-iA,Isacapello11/futuro-da-iA,https://github.com/Isacapello11/futuro-da-iA,2025-09-23 22:39:59,0,2025-09-24
1062906888,flowers,viveksethaliya/flowers,https://github.com/viveksethaliya/flowers,2025-09-23 22:42:35,0,2025-09-24
1062914027,MiniGame,Juls-1/MiniGame,https://github.com/Juls-1/MiniGame,2025-09-23 23:04:14,0,2025-09-24
1062946753,ChenLyu.github.io,ChenLyuSDNU/ChenLyu.github.io,https://github.com/ChenLyuSDNU/ChenLyu.github.io,2025-09-24 00:45:14,0,2025-09-24
1062971160,2nd-amh-pbg-techForum-certs,emabcede30/2nd-amh-pbg-techForum-certs,https://github.com/emabcede30/2nd-amh-pbg-techForum-certs,2025-09-24 01:52:25,0,2025-09-24
1062994277,text-to-speech-converter,git-deepanshu-singh/text-to-speech-converter,https://github.com/git-deepanshu-singh/text-to-speech-converter,2025-09-24 02:54:41,0,2025-09-24
1063024822,Coffe-Pass-App-Nuevo,Angel-coffepass/Coffe-Pass-App-Nuevo,https://github.com/Angel-coffepass/Coffe-Pass-App-Nuevo,2025-09-24 04:16:40,0,2025-09-24
1063034986,syncscriptE,stringerc/syncscriptE,https://github.com/stringerc/syncscriptE,2025-09-24 04:42:35,0,2025-09-24
1063051727,StatementConverter,pnkjjsr/StatementConverter,https://github.com/pnkjjsr/StatementConverter,2025-09-24 05:24:58,0,2025-09-24
1063062880,Personal-Homepage,Ganesh-U/Personal-Homepage,https://github.com/Ganesh-U/Personal-Homepage,2025-09-24 05:51:02,0,2025-09-24
1063085643,php-project1,nayan-dokhale/php-project1,https://github.com/nayan-dokhale/php-project1,2025-09-24 06:33:03,0,2025-09-24
1063088260,LoggerSolution,akaul98/LoggerSolution,https://github.com/akaul98/LoggerSolution,2025-09-24 06:38:03,0,2025-09-24
1063093449,bible-verse-selector,camronscand-del/bible-verse-selector,https://github.com/camronscand-del/bible-verse-selector,2025-09-24 06:47:40,0,2025-09-24
1063093804,3AI1_Mutia_0110224131,myutiee/3AI1_Mutia_0110224131,https://github.com/myutiee/3AI1_Mutia_0110224131,2025-09-24 06:48:21,0,2025-09-24
1063099460,DaWeiDaiGame,QingLanLay/DaWeiDaiGame,https://github.com/QingLanLay/DaWeiDaiGame,2025-09-24 06:59:13,0,2025-09-24
1063101961,Mini-Recipe-Book,auraloco/Mini-Recipe-Book,https://github.com/auraloco/Mini-Recipe-Book,2025-09-24 07:03:38,0,2025-09-24
1063105995,Detective_Max,HuaizheXu/Detective_Max,https://github.com/HuaizheXu/Detective_Max,2025-09-24 07:10:52,0,2025-09-24
1063121328,mini-medical-shop-laravel,a7madd-dev/mini-medical-shop-laravel,https://github.com/a7madd-dev/mini-medical-shop-laravel,2025-09-24 07:38:26,0,2025-09-24
1063124294,CourseraCapstoneSpaceX,prgahlod/CourseraCapstoneSpaceX,https://github.com/prgahlod/CourseraCapstoneSpaceX,2025-09-24 07:43:37,0,2025-09-24
1063129237,Metasia.Editor.FFmpegPlugin,SousiOmine/Metasia.Editor.FFmpegPlugin,https://github.com/SousiOmine/Metasia.Editor.FFmpegPlugin,2025-09-24 07:52:30,0,2025-09-24
1063131020,r3d-kas-manager,r3dvorak/r3d-kas-manager,https://github.com/r3dvorak/r3d-kas-manager,2025-09-24 07:55:46,0,2025-09-24
1063145286,podnebem,Grreby/podnebem,https://github.com/Grreby/podnebem,2025-09-24 08:21:04,0,2025-09-24
1063147285,uxdaffa,FrankDaffa/uxdaffa,https://github.com/FrankDaffa/uxdaffa,2025-09-24 08:24:33,0,2025-09-24
1063152070,Monitoring2025,mhdr/Monitoring2025,https://github.com/mhdr/Monitoring2025,2025-09-24 08:32:55,0,2025-09-24
1063152914,UP_Osipov,IlonaTepavicharova/UP_Osipov,https://github.com/IlonaTepavicharova/UP_Osipov,2025-09-24 08:34:24,0,2025-09-24
1063155442,doc-next-ssr,lastpublication/doc-next-ssr,https://github.com/lastpublication/doc-next-ssr,2025-09-24 08:38:41,0,2025-09-24
1063159086,flux-lora,jochenvw/flux-lora,https://github.com/jochenvw/flux-lora,2025-09-24 08:44:56,0,2025-09-24
1063161063,hangman_game,Mih-gif/hangman_game,https://github.com/Mih-gif/hangman_game,2025-09-24 08:48:01,0,2025-09-24
1063186186,TP2DPBO2425C1,MamangPermen/TP2DPBO2425C1,https://github.com/MamangPermen/TP2DPBO2425C1,2025-09-24 09:30:03,0,2025-09-24
1063187584,tradingSystem,webcrunch/tradingSystem,https://github.com/webcrunch/tradingSystem,2025-09-24 09:32:22,0,2025-09-24
1063188765,ui-wamly-package,KostyaKovbel/ui-wamly-package,https://github.com/KostyaKovbel/ui-wamly-package,2025-09-24 09:34:22,0,2025-09-24
1063189625,richelieu-meals-flow,d82576668-ux/richelieu-meals-flow,https://github.com/d82576668-ux/richelieu-meals-flow,2025-09-24 09:35:44,0,2025-09-24
1063191358,Stochastic-Modelling-2,emmanuel-ufot41/Stochastic-Modelling-2,https://github.com/emmanuel-ufot41/Stochastic-Modelling-2,2025-09-24 09:38:35,0,2025-09-24
1063192400,ELEC303-DATA-ANALYTICS-DENADO,jshdnd16/ELEC303-DATA-ANALYTICS-DENADO,https://github.com/jshdnd16/ELEC303-DATA-ANALYTICS-DENADO,2025-09-24 09:40:19,0,2025-09-24
1063194008,CISModules,pearcestephens/CISModules,https://github.com/pearcestephens/CISModules,2025-09-24 09:42:58,0,2025-09-24
1063196724,journal_project,peacewolfus007/journal_project,https://github.com/peacewolfus007/journal_project,2025-09-24 09:47:46,0,2025-09-24
1063198486,ds_Krishna_Chaudhari,Krishnaa2327/ds_Krishna_Chaudhari,https://github.com/Krishnaa2327/ds_Krishna_Chaudhari,2025-09-24 09:50:41,0,2025-09-24
1063201198,AirFlow,mcqueeN995/AirFlow,https://github.com/mcqueeN995/AirFlow,2025-09-24 09:55:22,0,2025-09-24
1063204406,brightway_eut,josecruz-cr/brightway_eut,https://github.com/josecruz-cr/brightway_eut,2025-09-24 10:01:00,0,2025-09-24
1063204648,Official-Website-2,coding-guys99/Official-Website-2,https://github.com/coding-guys99/Official-Website-2,2025-09-24 10:01:24,0,2025-09-24
1063204793,Statistic-Project-Group-14,ComputerScienceSJP/Statistic-Project-Group-14,https://github.com/ComputerScienceSJP/Statistic-Project-Group-14,2025-09-24 10:01:41,0,2025-09-24
1063214989,Explainable-AI-in-Predictive-Medicine,mayurwade/Explainable-AI-in-Predictive-Medicine,https://github.com/mayurwade/Explainable-AI-in-Predictive-Medicine,2025-09-24 10:18:57,0,2025-09-24
1063220175,Algoritmo-do-dia,SophiaPFaroni11/Algoritmo-do-dia,https://github.com/SophiaPFaroni11/Algoritmo-do-dia,2025-09-24 10:27:40,0,2025-09-24
1063221165,vspo_postcards,sharki990627/vspo_postcards,https://github.com/sharki990627/vspo_postcards,2025-09-24 10:29:32,0,2025-09-24
1063222413,linshiwebcopy,Asan5844820/linshiwebcopy,https://github.com/Asan5844820/linshiwebcopy,2025-09-24 10:31:30,0,2025-09-24
1063223651,Electronic,RaguldeveloperJ/Electronic,https://github.com/RaguldeveloperJ/Electronic,2025-09-24 10:33:22,0,2025-09-24
1063225725,voting,Manuel21-css/voting,https://github.com/Manuel21-css/voting,2025-09-24 10:36:19,0,2025-09-24
1063226532,-SocialPilot-AI-Smart-Social-Media-Automation-Tool,RAVI8054/-SocialPilot-AI-Smart-Social-Media-Automation-Tool,https://github.com/RAVI8054/-SocialPilot-AI-Smart-Social-Media-Automation-Tool,2025-09-24 10:37:47,0,2025-09-24
1063227306,AdventOfCode-2024-Edition,shamss778/AdventOfCode-2024-Edition,https://github.com/shamss778/AdventOfCode-2024-Edition,2025-09-24 10:39:10,0,2025-09-24
1063228388,crudmalickiproject,kewmal/crudmalickiproject,https://github.com/kewmal/crudmalickiproject,2025-09-24 10:41:04,0,2025-09-24
1063228442,Workflows,Praveenravva61/Workflows,https://github.com/Praveenravva61/Workflows,2025-09-24 10:41:09,0,2025-09-24
1063231044,php-render,magnusfortest22/php-render,https://github.com/magnusfortest22/php-render,2025-09-24 10:45:34,0,2025-09-24
1063231611,IMDb-Movie-Recommendation-System,LA488/IMDb-Movie-Recommendation-System,https://github.com/LA488/IMDb-Movie-Recommendation-System,2025-09-24 10:46:36,0,2025-09-24
1063232183,Lamilam-university,Lamilam57/Lamilam-university,https://github.com/Lamilam57/Lamilam-university,2025-09-24 10:47:39,0,2025-09-24
1063232449,wpf,knayzvladimir007-create/wpf,https://github.com/knayzvladimir007-create/wpf,2025-09-24 10:48:05,0,2025-09-24
1063232520,tempo-app,MehdiZ93/tempo-app,https://github.com/MehdiZ93/tempo-app,2025-09-24 10:48:11,0,2025-09-24
1063234105,RR-GOLD-LOAN,rijurajrajan/RR-GOLD-LOAN,https://github.com/rijurajrajan/RR-GOLD-LOAN,2025-09-24 10:50:50,0,2025-09-24
1063234457,myPortfolio,jaisaljastt/myPortfolio,https://github.com/jaisaljastt/myPortfolio,2025-09-24 10:51:26,0,2025-09-24
1063235881,dissertation,Anwesha-dhar/dissertation,https://github.com/Anwesha-dhar/dissertation,2025-09-24 10:54:06,0,2025-09-24
1063237480,AI-ML,Indranil3001/AI-ML,https://github.com/Indranil3001/AI-ML,2025-09-24 10:57:03,0,2025-09-24
1063237832,Zingo_regional_sales_analysis,Devth97/Zingo_regional_sales_analysis,https://github.com/Devth97/Zingo_regional_sales_analysis,2025-09-24 10:57:38,0,2025-09-24
1063238978,lau,EdmondTabianan/lau,https://github.com/EdmondTabianan/lau,2025-09-24 10:59:50,0,2025-09-24
1063240145,sample,foo657/sample,https://github.com/foo657/sample,2025-09-24 11:02:01,0,2025-09-24
1063240163,listadigitale,clamaxroy/listadigitale,https://github.com/clamaxroy/listadigitale,2025-09-24 11:02:03,0,2025-09-24
1063240346,ChessWar,Glujke/ChessWar,https://github.com/Glujke/ChessWar,2025-09-24 11:02:22,0,2025-09-24
1063240797,portfolio-assih-jacques,jacques4/portfolio-assih-jacques,https://github.com/jacques4/portfolio-assih-jacques,2025-09-24 11:03:15,0,2025-09-24
1063240915,RetailMaster,saadbutt00/RetailMaster,https://github.com/saadbutt00/RetailMaster,2025-09-24 11:03:28,0,2025-09-24
1063241935,ECE2112-PA4,DELROSARIO-KristanneGerardR/ECE2112-PA4,https://github.com/DELROSARIO-KristanneGerardR/ECE2112-PA4,2025-09-24 11:05:15,0,2025-09-24
1063244540,webchain-order-sync-,ETKTOKEN/webchain-order-sync-,https://github.com/ETKTOKEN/webchain-order-sync-,2025-09-24 11:10:02,0,2025-09-24
1063244910,eShopOnWeb,longhenses4ever/eShopOnWeb,https://github.com/longhenses4ever/eShopOnWeb,2025-09-24 11:10:43,0,2025-09-24
1063245128,Mental_Health_app,AyA-EhaB/Mental_Health_app,https://github.com/AyA-EhaB/Mental_Health_app,2025-09-24 11:11:07,0,2025-09-24
1063245293,WHO_Mortality_Database,ihringerlinus/WHO_Mortality_Database,https://github.com/ihringerlinus/WHO_Mortality_Database,2025-09-24 11:11:25,0,2025-09-24
1063246814,University-Venue-Booking,msjafarweb3/University-Venue-Booking,https://github.com/msjafarweb3/University-Venue-Booking,2025-09-24 11:14:08,0,2025-09-24
1063246889,Elevvo-Pathways,ammarashahid585/Elevvo-Pathways,https://github.com/ammarashahid585/Elevvo-Pathways,2025-09-24 11:14:17,0,2025-09-24
1063247296,Loading,Myna26/Loading,https://github.com/Myna26/Loading,2025-09-24 11:15:03,0,2025-09-24
1063247568,TRENDS-AND-SUCCESS-IN-Kickstarter,MunaRadhi/TRENDS-AND-SUCCESS-IN-Kickstarter,https://github.com/MunaRadhi/TRENDS-AND-SUCCESS-IN-Kickstarter,2025-09-24 11:15:32,0,2025-09-24
1063248016,dachidarchiashvili.github.io,DachiDarchiashvili/dachidarchiashvili.github.io,https://github.com/DachiDarchiashvili/dachidarchiashvili.github.io,2025-09-24 11:16:24,0,2025-09-24
1063248062,kdcdigitalconcepts,keshxchange42-hash/kdcdigitalconcepts,https://github.com/keshxchange42-hash/kdcdigitalconcepts,2025-09-24 11:16:29,0,2025-09-24
1063248275,bank-exams,vince115/bank-exams,https://github.com/vince115/bank-exams,2025-09-24 11:16:52,0,2025-09-24
1063249043,Adult_Income,ties2/Adult_Income,https://github.com/ties2/Adult_Income,2025-09-24 11:18:13,0,2025-09-24
1063249224,ECE2112-Programming-Assignment-4,beatrice-24/ECE2112-Programming-Assignment-4,https://github.com/beatrice-24/ECE2112-Programming-Assignment-4,2025-09-24 11:18:30,0,2025-09-24
1063249424,dubradinfo.github.io,zeafroxy/dubradinfo.github.io,https://github.com/zeafroxy/dubradinfo.github.io,2025-09-24 11:18:51,0,2025-09-24
1063250123,to-do-list-test,jackpentaconn/to-do-list-test,https://github.com/jackpentaconn/to-do-list-test,2025-09-24 11:20:07,0,2025-09-24
1063250195,Livraison-web,kabboss/Livraison-web,https://github.com/kabboss/Livraison-web,2025-09-24 11:20:15,0,2025-09-24
1063250297,Shubham_Netlify,shubhamkmt21/Shubham_Netlify,https://github.com/shubhamkmt21/Shubham_Netlify,2025-09-24 11:20:26,0,2025-09-24
1063250775,face-recognition-app,marktmng/face-recognition-app,https://github.com/marktmng/face-recognition-app,2025-09-24 11:21:20,0,2025-09-24
1063251928,weather-app,mroshan2003/weather-app,https://github.com/mroshan2003/weather-app,2025-09-24 11:23:27,0,2025-09-24
1063252301,QAV4,moxiewg/QAV4,https://github.com/moxiewg/QAV4,2025-09-24 11:24:05,0,2025-09-24
1063252585,ghl-theme,HammadSwati-200/ghl-theme,https://github.com/HammadSwati-200/ghl-theme,2025-09-24 11:24:36,0,2025-09-24
1063252616,HappyBirthday1,ronit788/HappyBirthday1,https://github.com/ronit788/HappyBirthday1,2025-09-24 11:24:40,0,2025-09-24
1063253204,BasicThreading,19-anel/BasicThreading,https://github.com/19-anel/BasicThreading,2025-09-24 11:25:42,0,2025-09-24
1063253336,prestashop,adias311/prestashop,https://github.com/adias311/prestashop,2025-09-24 11:25:56,0,2025-09-24
1063253343,web-ukm-bahasa,NabilQastari/web-ukm-bahasa,https://github.com/NabilQastari/web-ukm-bahasa,2025-09-24 11:25:57,0,2025-09-24
1063253407,assingment-1,Mohkadem/assingment-1,https://github.com/Mohkadem/assingment-1,2025-09-24 11:26:04,0,2025-09-24
1063253789,My-Project,niks204/My-Project,https://github.com/niks204/My-Project,2025-09-24 11:26:41,0,2025-09-24
1063253839,liveWebinar,vijaysahu12/liveWebinar,https://github.com/vijaysahu12/liveWebinar,2025-09-24 11:26:46,0,2025-09-24
1063253850,swa4d8f1607d545406dafd98643ab46e0c6,static-web-apps-testing-org/swa4d8f1607d545406dafd98643ab46e0c6,https://github.com/static-web-apps-testing-org/swa4d8f1607d545406dafd98643ab46e0c6,2025-09-24 11:26:47,0,2025-09-24
1063253896,Yandex-ML-handbook-tasks,HoshiBatista/Yandex-ML-handbook-tasks,https://github.com/HoshiBatista/Yandex-ML-handbook-tasks,2025-09-24 11:26:51,0,2025-09-24
1063255448,localizing-reasoning,mklabunde/localizing-reasoning,https://github.com/mklabunde/localizing-reasoning,2025-09-24 11:29:36,0,2025-09-24
1063255647,caixa-python,luizdev-front/caixa-python,https://github.com/luizdev-front/caixa-python,2025-09-24 11:29:58,0,2025-09-24
1063255749,tugas-praktikum-komweb-pertemuan-4,Nayla09-svg/tugas-praktikum-komweb-pertemuan-4,https://github.com/Nayla09-svg/tugas-praktikum-komweb-pertemuan-4,2025-09-24 11:30:10,0,2025-09-24
1063255795,Git4,Ravshanjon-developer/Git4,https://github.com/Ravshanjon-developer/Git4,2025-09-24 11:30:16,0,2025-09-24
1063256067,CDTT,ngtuanvuduy9/CDTT,https://github.com/ngtuanvuduy9/CDTT,2025-09-24 11:30:50,0,2025-09-24
1063256321,Electronic-health-record-using-Blockchain,NorissJeevan/Electronic-health-record-using-Blockchain,https://github.com/NorissJeevan/Electronic-health-record-using-Blockchain,2025-09-24 11:31:18,0,2025-09-24
1063256851,runtrack-2,benjamin-fischbach/runtrack-2,https://github.com/benjamin-fischbach/runtrack-2,2025-09-24 11:32:17,0,2025-09-24
1063256875,taskmaster-pro-layout,Eunicenengo/taskmaster-pro-layout,https://github.com/Eunicenengo/taskmaster-pro-layout,2025-09-24 11:32:21,0,2025-09-24
1063257162,Front-and-Back,Git867867/Front-and-Back,https://github.com/Git867867/Front-and-Back,2025-09-24 11:32:50,0,2025-09-24
1063257286,OwenYang1102,OwenYang1102/OwenYang1102,https://github.com/OwenYang1102/OwenYang1102,2025-09-24 11:33:03,0,2025-09-24
1063257389,amazon-review-sentiment-analysis,Navnit24/amazon-review-sentiment-analysis,https://github.com/Navnit24/amazon-review-sentiment-analysis,2025-09-24 11:33:15,0,2025-09-24
1063257530,sparingtools,developpeur237/sparingtools,https://github.com/developpeur237/sparingtools,2025-09-24 11:33:30,0,2025-09-24
1063257864,Img_Cap_Generator,siddz2811/Img_Cap_Generator,https://github.com/siddz2811/Img_Cap_Generator,2025-09-24 11:34:02,0,2025-09-24
1063258450,test,engBeshoyRamy/test,https://github.com/engBeshoyRamy/test,2025-09-24 11:35:05,0,2025-09-24
1063258461,AgriConnect-Version-2-,nadila2k/AgriConnect-Version-2-,https://github.com/nadila2k/AgriConnect-Version-2-,2025-09-24 11:35:06,0,2025-09-24
1063258504,EDA_Titanic,shreya965/EDA_Titanic,https://github.com/shreya965/EDA_Titanic,2025-09-24 11:35:10,0,2025-09-24
1063258621,project-2,dozvati8r/project-2,https://github.com/dozvati8r/project-2,2025-09-24 11:35:24,0,2025-09-24
1063258690,login-docker,trewq2/login-docker,https://github.com/trewq2/login-docker,2025-09-24 11:35:28,0,2025-09-24
1063258732,bytretyakova,timoskakazan-a11y/bytretyakova,https://github.com/timoskakazan-a11y/bytretyakova,2025-09-24 11:35:32,0,2025-09-24
1063258874,cycle-track-schmick,jesslogangill/cycle-track-schmick,https://github.com/jesslogangill/cycle-track-schmick,2025-09-24 11:35:49,0,2025-09-24
1063258895,alx_html_css,Opizzey/alx_html_css,https://github.com/Opizzey/alx_html_css,2025-09-24 11:35:50,0,2025-09-24
1063258914,capstone_bosch_team_5,zahidkhandev/capstone_bosch_team_5,https://github.com/zahidkhandev/capstone_bosch_team_5,2025-09-24 11:35:53,0,2025-09-24
1063258936,quran-tracker,BerrySoul404/quran-tracker,https://github.com/BerrySoul404/quran-tracker,2025-09-24 11:35:55,0,2025-09-24
1063259062,sales_predict,Hadeed711/sales_predict,https://github.com/Hadeed711/sales_predict,2025-09-24 11:36:10,0,2025-09-24
1063259221,ML_Praktikum_Mandiri_1,FatihDzkwn/ML_Praktikum_Mandiri_1,https://github.com/FatihDzkwn/ML_Praktikum_Mandiri_1,2025-09-24 11:36:29,0,2025-09-24
1063259264,projeckt,Murat31213/projeckt,https://github.com/Murat31213/projeckt,2025-09-24 11:36:33,0,2025-09-24
1063259282,To-Do-List-NextJS.,LucassSN/To-Do-List-NextJS.,https://github.com/LucassSN/To-Do-List-NextJS.,2025-09-24 11:36:35,0,2025-09-24
1063259365,Go-to-Market-Strategy-for-FMCG,Adityabhatia0204/Go-to-Market-Strategy-for-FMCG,https://github.com/Adityabhatia0204/Go-to-Market-Strategy-for-FMCG,2025-09-24 11:36:43,0,2025-09-24
1063259543,assignment-2,LAVANYA-AIML/assignment-2,https://github.com/LAVANYA-AIML/assignment-2,2025-09-24 11:37:00,0,2025-09-24
1063259639,weather-app,Tomtom09-ktd/weather-app,https://github.com/Tomtom09-ktd/weather-app,2025-09-24 11:37:10,0,2025-09-24
1063259670,Machine-Learning,Diki04/Machine-Learning,https://github.com/Diki04/Machine-Learning,2025-09-24 11:37:14,0,2025-09-24
1063259857,Music-Recommendation-System,SamehAnabtawi/Music-Recommendation-System,https://github.com/SamehAnabtawi/Music-Recommendation-System,2025-09-24 11:37:36,0,2025-09-24
1063259861,Automating-DICOM-Metadata-Analysis-using-Machine-Learning,Harsh-patel-007/Automating-DICOM-Metadata-Analysis-using-Machine-Learning,https://github.com/Harsh-patel-007/Automating-DICOM-Metadata-Analysis-using-Machine-Learning,2025-09-24 11:37:37,0,2025-09-24
1063259983,Integrative-RNA-Seq-and-Co-expression-Analyses-Uncover-Confident-sRNA,carolina5massena/Integrative-RNA-Seq-and-Co-expression-Analyses-Uncover-Confident-sRNA,https://github.com/carolina5massena/Integrative-RNA-Seq-and-Co-expression-Analyses-Uncover-Confident-sRNA,2025-09-24 11:37:50,0,2025-09-24
1063259984,handie,colton615-coder/handie,https://github.com/colton615-coder/handie,2025-09-24 11:37:50,0,2025-09-24
1063260017,MyRecipeBook,alissonf94/MyRecipeBook,https://github.com/alissonf94/MyRecipeBook,2025-09-24 11:37:54,0,2025-09-24
1063260057,colab-works-maclrn,jiyay27/colab-works-maclrn,https://github.com/jiyay27/colab-works-maclrn,2025-09-24 11:37:58,0,2025-09-24
1063260098,cognee,tiagoriosrocha/cognee,https://github.com/tiagoriosrocha/cognee,2025-09-24 11:38:03,0,2025-09-24
1063260123,24-sep-25,Leanerp2025/24-sep-25,https://github.com/Leanerp2025/24-sep-25,2025-09-24 11:38:06,0,2025-09-24
1063260223,swa2e3f7f0c14764af2bfe7fb64f8695020,static-web-apps-testing-org/swa2e3f7f0c14764af2bfe7fb64f8695020,https://github.com/static-web-apps-testing-org/swa2e3f7f0c14764af2bfe7fb64f8695020,2025-09-24 11:38:15,0,2025-09-24
1063260228,Cyberbullying-Recognition,gayanandpatel/Cyberbullying-Recognition,https://github.com/gayanandpatel/Cyberbullying-Recognition,2025-09-24 11:38:15,0,2025-09-24
1063260259,CursoReact,Carmen-Simonetti/CursoReact,https://github.com/Carmen-Simonetti/CursoReact,2025-09-24 11:38:19,0,2025-09-24
1063260263,Data-Science-Assignments,Tannu1123/Data-Science-Assignments,https://github.com/Tannu1123/Data-Science-Assignments,2025-09-24 11:38:20,0,2025-09-24
1063260533,MIC_recruitment,DarshanSubbaraj/MIC_recruitment,https://github.com/DarshanSubbaraj/MIC_recruitment,2025-09-24 11:38:46,0,2025-09-24
1063260564,first_in,keerthanaa05/first_in,https://github.com/keerthanaa05/first_in,2025-09-24 11:38:49,0,2025-09-24
1063260587,Trader-Performance-vs-Market-Sentiment-Analysis,student-smritipandey/Trader-Performance-vs-Market-Sentiment-Analysis,https://github.com/student-smritipandey/Trader-Performance-vs-Market-Sentiment-Analysis,2025-09-24 11:38:50,0,2025-09-24
1063260641,Music-Classifier,YashPuniya/Music-Classifier,https://github.com/YashPuniya/Music-Classifier,2025-09-24 11:38:55,0,2025-09-24
1063260685,My-Portfolio,ashish-astang/My-Portfolio,https://github.com/ashish-astang/My-Portfolio,2025-09-24 11:38:59,0,2025-09-24
1063260700,PHP_vjm,1DAW-victorjim551/PHP_vjm,https://github.com/1DAW-victorjim551/PHP_vjm,2025-09-24 11:39:00,0,2025-09-24
1063260862,Frameworks_assignment,Lewis-Jade/Frameworks_assignment,https://github.com/Lewis-Jade/Frameworks_assignment,2025-09-24 11:39:16,0,2025-09-24
1063261039,data-analysis-projects-,shihab36/data-analysis-projects-,https://github.com/shihab36/data-analysis-projects-,2025-09-24 11:39:38,0,2025-09-24
1063261072,ispace-ir-wp-plugin,bungandy/ispace-ir-wp-plugin,https://github.com/bungandy/ispace-ir-wp-plugin,2025-09-24 11:39:42,0,2025-09-24
1063261132,Geracao-de-Dados-Medicos-Ficticios-com-Faker-e-Random,cleitonhentgescodar/Geracao-de-Dados-Medicos-Ficticios-com-Faker-e-Random,https://github.com/cleitonhentgescodar/Geracao-de-Dados-Medicos-Ficticios-com-Faker-e-Random,2025-09-24 11:39:49,0,2025-09-24
1063261166,Elevate-Labs-internship,VISHNUKANTHMADABHUSHI/Elevate-Labs-internship,https://github.com/VISHNUKANTHMADABHUSHI/Elevate-Labs-internship,2025-09-24 11:39:52,0,2025-09-24
1063261222,Car_Damage_Detection_CNN,kritikacodes15/Car_Damage_Detection_CNN,https://github.com/kritikacodes15/Car_Damage_Detection_CNN,2025-09-24 11:39:57,0,2025-09-24
1063261228,e405040228,travellvisa046/e405040228,https://github.com/travellvisa046/e405040228,2025-09-24 11:39:57,0,2025-09-24
1063261242,QML_for_ImageDetection,keremyurtseven/QML_for_ImageDetection,https://github.com/keremyurtseven/QML_for_ImageDetection,2025-09-24 11:39:58,0,2025-09-24
1063261252,STU_poster_new_version2,ShrifeArafa2004/STU_poster_new_version2,https://github.com/ShrifeArafa2004/STU_poster_new_version2,2025-09-24 11:39:59,0,2025-09-24
1063261259,swacfe3bb82deb34b40967d2c41555b6a50,static-web-apps-testing-org/swacfe3bb82deb34b40967d2c41555b6a50,https://github.com/static-web-apps-testing-org/swacfe3bb82deb34b40967d2c41555b6a50,2025-09-24 11:39:59,0,2025-09-24
1063261264,swadf50557604d54d5090008358095fb6a2,static-web-apps-testing-org/swadf50557604d54d5090008358095fb6a2,https://github.com/static-web-apps-testing-org/swadf50557604d54d5090008358095fb6a2,2025-09-24 11:39:59,0,2025-09-24
1063261271,cirrhosis_stage_classsification_model,carcar88/cirrhosis_stage_classsification_model,https://github.com/carcar88/cirrhosis_stage_classsification_model,2025-09-24 11:40:00,0,2025-09-24
1063261382,hook-locator,jdahir0789/hook-locator,https://github.com/jdahir0789/hook-locator,2025-09-24 11:40:10,0,2025-09-24
1063261432,ML-LinearRegression,deepankan-rai/ML-LinearRegression,https://github.com/deepankan-rai/ML-LinearRegression,2025-09-24 11:40:16,0,2025-09-24
1063261438,Vitascan,KJN-02/Vitascan,https://github.com/KJN-02/Vitascan,2025-09-24 11:40:17,0,2025-09-24
1063261442,dwes_php,1DAW-carmelovil475/dwes_php,https://github.com/1DAW-carmelovil475/dwes_php,2025-09-24 11:40:17,0,2025-09-24
1063261502,proect,jamikrahmonov8-blip/proect,https://github.com/jamikrahmonov8-blip/proect,2025-09-24 11:40:23,0,2025-09-24
1063261516,Birthday,pjg095/Birthday,https://github.com/pjg095/Birthday,2025-09-24 11:40:24,0,2025-09-24
1063261546,At6,MariaFernandadeev/At6,https://github.com/MariaFernandadeev/At6,2025-09-24 11:40:27,0,2025-09-24
1063261562,trading_system,JesperLin/trading_system,https://github.com/JesperLin/trading_system,2025-09-24 11:40:29,0,2025-09-24
1063261606,WebDev_project,koriokeshola/WebDev_project,https://github.com/koriokeshola/WebDev_project,2025-09-24 11:40:33,0,2025-09-24
1063261613,Covid-19-Outbreak-Prediction,leoaditya124/Covid-19-Outbreak-Prediction,https://github.com/leoaditya124/Covid-19-Outbreak-Prediction,2025-09-24 11:40:34,0,2025-09-24
1063261746,cmd_line_git_challenge,SNaqvi21/cmd_line_git_challenge,https://github.com/SNaqvi21/cmd_line_git_challenge,2025-09-24 11:40:46,0,2025-09-24
1063261802,jerseyhub,ivanmasanix/jerseyhub,https://github.com/ivanmasanix/jerseyhub,2025-09-24 11:40:51,0,2025-09-24
1063261888,Amazon-Recommendation-System,SamehAnabtawi/Amazon-Recommendation-System,https://github.com/SamehAnabtawi/Amazon-Recommendation-System,2025-09-24 11:41:01,0,2025-09-24
1063261915,DocumentGenerator,IlyaKovanov/DocumentGenerator,https://github.com/IlyaKovanov/DocumentGenerator,2025-09-24 11:41:04,0,2025-09-24
1063262054,Online_Retail_Analysis,Sara1405/Online_Retail_Analysis,https://github.com/Sara1405/Online_Retail_Analysis,2025-09-24 11:41:16,0,2025-09-24
1063262140,smart_build.io,sgus82024-cmd/smart_build.io,https://github.com/sgus82024-cmd/smart_build.io,2025-09-24 11:41:24,0,2025-09-24
1063262187,figma-2,nhanclena/figma-2,https://github.com/nhanclena/figma-2,2025-09-24 11:41:28,0,2025-09-24
1063262310,BINANCE-CLONE,momnatechnologywali/BINANCE-CLONE,https://github.com/momnatechnologywali/BINANCE-CLONE,2025-09-24 11:41:42,0,2025-09-24
1063262349,portfolio,nanragav/portfolio,https://github.com/nanragav/portfolio,2025-09-24 11:41:47,0,2025-09-24
1063262387,Portfolio-Infrastructure-Microservice,RodrigooMidoes/Portfolio-Infrastructure-Microservice,https://github.com/RodrigooMidoes/Portfolio-Infrastructure-Microservice,2025-09-24 11:41:51,0,2025-09-24
1063262394,SQL-Challenges-Basic-to-Advance,huz-zahid53/SQL-Challenges-Basic-to-Advance,https://github.com/huz-zahid53/SQL-Challenges-Basic-to-Advance,2025-09-24 11:41:52,0,2025-09-24
1063262436,AB-Property-Inspections,CodeStar86/AB-Property-Inspections,https://github.com/CodeStar86/AB-Property-Inspections,2025-09-24 11:41:58,0,2025-09-24
1063262499,Project_Web_Inventoris,Razchiel/Project_Web_Inventoris,https://github.com/Razchiel/Project_Web_Inventoris,2025-09-24 11:42:04,0,2025-09-24
1063262537,Twitter-Sentimental-Analysis,rahulguggilam/Twitter-Sentimental-Analysis,https://github.com/rahulguggilam/Twitter-Sentimental-Analysis,2025-09-24 11:42:08,0,2025-09-24
1063262558,swad5b7bfaa10e3446cb8a8d82d0c5c601a,static-web-apps-testing-org/swad5b7bfaa10e3446cb8a8d82d0c5c601a,https://github.com/static-web-apps-testing-org/swad5b7bfaa10e3446cb8a8d82d0c5c601a,2025-09-24 11:42:09,0,2025-09-24
1063262560,swa9fd3b2b0a3a543ea921fef9ed5345ac0,static-web-apps-testing-org/swa9fd3b2b0a3a543ea921fef9ed5345ac0,https://github.com/static-web-apps-testing-org/swa9fd3b2b0a3a543ea921fef9ed5345ac0,2025-09-24 11:42:10,0,2025-09-24
1063262619,circle-progress,satosato1616/circle-progress,https://github.com/satosato1616/circle-progress,2025-09-24 11:42:18,0,2025-09-24
1063262663,Exercise-2.2,shinigami614/Exercise-2.2,https://github.com/shinigami614/Exercise-2.2,2025-09-24 11:42:22,0,2025-09-24
1063262730,htmltasks,Arjun951955/htmltasks,https://github.com/Arjun951955/htmltasks,2025-09-24 11:42:29,0,2025-09-24
1063262769,ElimuKit-2.0,AlbrightNjeri/ElimuKit-2.0,https://github.com/AlbrightNjeri/ElimuKit-2.0,2025-09-24 11:42:33,0,2025-09-24
1063262789,-rvoreCanvas,FelipeSantili/-rvoreCanvas,https://github.com/FelipeSantili/-rvoreCanvas,2025-09-24 11:42:35,0,2025-09-24
1063262813,portfolio,luccasilva2/portfolio,https://github.com/luccasilva2/portfolio,2025-09-24 11:42:37,0,2025-09-24
1063262824,test-clone,aminhadinezhad/test-clone,https://github.com/aminhadinezhad/test-clone,2025-09-24 11:42:39,0,2025-09-24
1063262836,Capstone,kingkwan29/Capstone,https://github.com/kingkwan29/Capstone,2025-09-24 11:42:40,0,2025-09-24
1063263051,bootstrap-1,takeling10/bootstrap-1,https://github.com/takeling10/bootstrap-1,2025-09-24 11:43:03,0,2025-09-24
1063263108,PaceKanaeru.github.io,PaceKanaeru/PaceKanaeru.github.io,https://github.com/PaceKanaeru/PaceKanaeru.github.io,2025-09-24 11:43:09,0,2025-09-24
1063263116,swad4b9750f78d6438ea630f6fb5a8f3ace,static-web-apps-testing-org/swad4b9750f78d6438ea630f6fb5a8f3ace,https://github.com/static-web-apps-testing-org/swad4b9750f78d6438ea630f6fb5a8f3ace,2025-09-24 11:43:09,0,2025-09-24
1063263117,Workshop-Online,Jardel-FMP/Workshop-Online,https://github.com/Jardel-FMP/Workshop-Online,2025-09-24 11:43:09,0,2025-09-24
1063263204,Emailclassifier,bushujee/Emailclassifier,https://github.com/bushujee/Emailclassifier,2025-09-24 11:43:18,0,2025-09-24
1063263213,Crop-Diseases-Detection,GirishDeshpande18/Crop-Diseases-Detection,https://github.com/GirishDeshpande18/Crop-Diseases-Detection,2025-09-24 11:43:19,0,2025-09-24
1063263218,anastasiia,ennesk-an/anastasiia,https://github.com/ennesk-an/anastasiia,2025-09-24 11:43:19,0,2025-09-24
1063263221,CrocodileSpecies_ML_Classification,Fevzierenn/CrocodileSpecies_ML_Classification,https://github.com/Fevzierenn/CrocodileSpecies_ML_Classification,2025-09-24 11:43:19,0,2025-09-24
1063263262,Portfolios-Salimbek,abdrimovsalimbek-crypto/Portfolios-Salimbek,https://github.com/abdrimovsalimbek-crypto/Portfolios-Salimbek,2025-09-24 11:43:23,0,2025-09-24
1063263309,Core.Management.Inventory,indraadian/Core.Management.Inventory,https://github.com/indraadian/Core.Management.Inventory,2025-09-24 11:43:26,0,2025-09-24
1063263321,DotNetMetrics,jschultz1027/DotNetMetrics,https://github.com/jschultz1027/DotNetMetrics,2025-09-24 11:43:29,0,2025-09-24
1063263341,Semana5.5,BryamValbuena/Semana5.5,https://github.com/BryamValbuena/Semana5.5,2025-09-24 11:43:31,0,2025-09-24
1063263467,credit-card-fraud-detection,gaya37761/credit-card-fraud-detection,https://github.com/gaya37761/credit-card-fraud-detection,2025-09-24 11:43:44,0,2025-09-24
1063263481,Gussgame,siemteaghesogubay-git/Gussgame,https://github.com/siemteaghesogubay-git/Gussgame,2025-09-24 11:43:45,0,2025-09-24
1063263485,AssurPrime-DataChallenge,JB-i/AssurPrime-DataChallenge,https://github.com/JB-i/AssurPrime-DataChallenge,2025-09-24 11:43:45,0,2025-09-24
1063263492,Route-CSharp-MVC-S3,abdulrahmanMostafa30/Route-CSharp-MVC-S3,https://github.com/abdulrahmanMostafa30/Route-CSharp-MVC-S3,2025-09-24 11:43:46,0,2025-09-24
1063263498,loan-app1,codeprof-computer-academy/loan-app1,https://github.com/codeprof-computer-academy/loan-app1,2025-09-24 11:43:46,0,2025-09-24
1063263551,Sensors,henriVanDerStelt/Sensors,https://github.com/henriVanDerStelt/Sensors,2025-09-24 11:43:52,0,2025-09-24
1063263599,mockinto__final,harshsharmaaiinfox/mockinto__final,https://github.com/harshsharmaaiinfox/mockinto__final,2025-09-24 11:43:57,0,2025-09-24
1063263629,typescript-checkpoint,Tosin-Mathew/typescript-checkpoint,https://github.com/Tosin-Mathew/typescript-checkpoint,2025-09-24 11:44:00,0,2025-09-24
1063263639,NetFlixClone,DattaBansude/NetFlixClone,https://github.com/DattaBansude/NetFlixClone,2025-09-24 11:44:01,0,2025-09-24
1063263669,04_Laboratory_Exercise_1_Soriano,Schtemberg0147/04_Laboratory_Exercise_1_Soriano,https://github.com/Schtemberg0147/04_Laboratory_Exercise_1_Soriano,2025-09-24 11:44:03,0,2025-09-24
1063263709,Menu2,josofffff2005/Menu2,https://github.com/josofffff2005/Menu2,2025-09-24 11:44:08,0,2025-09-24
1063263727,HOP1,sharkxy7/HOP1,https://github.com/sharkxy7/HOP1,2025-09-24 11:44:11,0,2025-09-24
1063263750,ogistic,jafprofesor/ogistic,https://github.com/jafprofesor/ogistic,2025-09-24 11:44:14,0,2025-09-24
1063263759,Semana6,BryamValbuena/Semana6,https://github.com/BryamValbuena/Semana6,2025-09-24 11:44:14,0,2025-09-24
1063263793,Color-Challenge,Udhay2308/Color-Challenge,https://github.com/Udhay2308/Color-Challenge,2025-09-24 11:44:18,0,2025-09-24
1063263822,task-manager-frontend,hfelices92/task-manager-frontend,https://github.com/hfelices92/task-manager-frontend,2025-09-24 11:44:21,0,2025-09-24
1063263848,SA-Exercises,xut-e/SA-Exercises,https://github.com/xut-e/SA-Exercises,2025-09-24 11:44:25,0,2025-09-24
1063263889,Product_Sales_Analysis,PradeepPattu/Product_Sales_Analysis,https://github.com/PradeepPattu/Product_Sales_Analysis,2025-09-24 11:44:29,0,2025-09-24
1063263964,swadec10cc8f3c34afebb41e5d040abdcbe,static-web-apps-testing-org/swadec10cc8f3c34afebb41e5d040abdcbe,https://github.com/static-web-apps-testing-org/swadec10cc8f3c34afebb41e5d040abdcbe,2025-09-24 11:44:38,0,2025-09-24
1063263986,Bugflow-React-Challenge,Sandeep123815/Bugflow-React-Challenge,https://github.com/Sandeep123815/Bugflow-React-Challenge,2025-09-24 11:44:41,0,2025-09-24
1063264033,Netflix-Clone,cyrus-trixie/Netflix-Clone,https://github.com/cyrus-trixie/Netflix-Clone,2025-09-24 11:44:48,0,2025-09-24
1063264035,test-import-repo2,ChiThuyKieu/test-import-repo2,https://github.com/ChiThuyKieu/test-import-repo2,2025-09-24 11:44:48,0,2025-09-24
1063264117,EcoCabins,AndryushchenkoVitaliy/EcoCabins,https://github.com/AndryushchenkoVitaliy/EcoCabins,2025-09-24 11:44:56,0,2025-09-24
1063264143,exerciseCountDigits,AngeloHuetPLMUN/exerciseCountDigits,https://github.com/AngeloHuetPLMUN/exerciseCountDigits,2025-09-24 11:44:58,0,2025-09-24
1063264152,swa6bb6368f3f624606b471f2e084bbedf4,static-web-apps-testing-org/swa6bb6368f3f624606b471f2e084bbedf4,https://github.com/static-web-apps-testing-org/swa6bb6368f3f624606b471f2e084bbedf4,2025-09-24 11:44:59,0,2025-09-24
1063264161,abcd,halilulloh54-max/abcd,https://github.com/halilulloh54-max/abcd,2025-09-24 11:45:00,0,2025-09-24
1063264184,TALENT_FLOW,Saksham29-2004/TALENT_FLOW,https://github.com/Saksham29-2004/TALENT_FLOW,2025-09-24 11:45:02,0,2025-09-24
1063264355,NoteNetWPF,toitenanhtuan/NoteNetWPF,https://github.com/toitenanhtuan/NoteNetWPF,2025-09-24 11:45:18,0,2025-09-24
1063264370,IrisFlowerClassification,niladrig63-pixel/IrisFlowerClassification,https://github.com/niladrig63-pixel/IrisFlowerClassification,2025-09-24 11:45:19,0,2025-09-24
1063264383,space_missions_analytics,ZChiqui/space_missions_analytics,https://github.com/ZChiqui/space_missions_analytics,2025-09-24 11:45:20,0,2025-09-24
1063264526,Text-summarizer,Tanishq22A/Text-summarizer,https://github.com/Tanishq22A/Text-summarizer,2025-09-24 11:45:36,0,2025-09-24
1063264556,exercise-,nihar200710/exercise-,https://github.com/nihar200710/exercise-,2025-09-24 11:45:38,0,2025-09-24
1063264583,seriesApp,JonatanMentzer/seriesApp,https://github.com/JonatanMentzer/seriesApp,2025-09-24 11:45:41,0,2025-09-24
1063264590,project1,rotimiog/project1,https://github.com/rotimiog/project1,2025-09-24 11:45:42,0,2025-09-24
1063264609,checkpoint2,edgarowuor-tech/checkpoint2,https://github.com/edgarowuor-tech/checkpoint2,2025-09-24 11:45:45,0,2025-09-24
1063264670,minha-pagina-artista-chor-o,natacha15/minha-pagina-artista-chor-o,https://github.com/natacha15/minha-pagina-artista-chor-o,2025-09-24 11:45:51,0,2025-09-24
1063264671,mockup_agent,MuhammedSuhaib/mockup_agent,https://github.com/MuhammedSuhaib/mockup_agent,2025-09-24 11:45:51,0,2025-09-24
1063264711,Laba6_Kuznecov_leo,Arturnio/Laba6_Kuznecov_leo,https://github.com/Arturnio/Laba6_Kuznecov_leo,2025-09-24 11:45:55,0,2025-09-24
1063264777,portofolio,azhar83mhmmd-art/portofolio,https://github.com/azhar83mhmmd-art/portofolio,2025-09-24 11:46:02,0,2025-09-24
1063264925,intern-task2,Deepesh-G/intern-task2,https://github.com/Deepesh-G/intern-task2,2025-09-24 11:46:18,0,2025-09-24
1063264930,ductless-mini-splits-mcmurray-pa,xjtcrkfdifvkfo-hub/ductless-mini-splits-mcmurray-pa,https://github.com/xjtcrkfdifvkfo-hub/ductless-mini-splits-mcmurray-pa,2025-09-24 11:46:19,0,2025-09-24
1063264933,Functions,Rehma-khan/Functions,https://github.com/Rehma-khan/Functions,2025-09-24 11:46:19,0,2025-09-24
1063264960,Candy-Machine-V3-NEWUI,kuusoucloud/Candy-Machine-V3-NEWUI,https://github.com/kuusoucloud/Candy-Machine-V3-NEWUI,2025-09-24 11:46:22,0,2025-09-24
1063265149,layouts,iamshakhawat/layouts,https://github.com/iamshakhawat/layouts,2025-09-24 11:46:42,0,2025-09-24
1063265185,Avalia-es,Jardel-FMP/Avalia-es,https://github.com/Jardel-FMP/Avalia-es,2025-09-24 11:46:47,0,2025-09-24
1063265223,A_chat,sanjeevRae/A_chat,https://github.com/sanjeevRae/A_chat,2025-09-24 11:46:50,0,2025-09-24
1063265284,Dictionary_2015,amirargani/Dictionary_2015,https://github.com/amirargani/Dictionary_2015,2025-09-24 11:46:59,0,2025-09-24
1063265365,aPCTuLf11.mp4,moviecdn/aPCTuLf11.mp4,https://github.com/moviecdn/aPCTuLf11.mp4,2025-09-24 11:47:08,0,2025-09-24
1063265376,tfg-fronted,JK-learning/tfg-fronted,https://github.com/JK-learning/tfg-fronted,2025-09-24 11:47:09,0,2025-09-24
1063265382,swaa18ac03a9d4940eea6b27f4aa11f2dae,static-web-apps-testing-org/swaa18ac03a9d4940eea6b27f4aa11f2dae,https://github.com/static-web-apps-testing-org/swaa18ac03a9d4940eea6b27f4aa11f2dae,2025-09-24 11:47:09,0,2025-09-24
1063265453,swa6db90f1a2ec6423bbe8e953eb2fe29da,static-web-apps-testing-org/swa6db90f1a2ec6423bbe8e953eb2fe29da,https://github.com/static-web-apps-testing-org/swa6db90f1a2ec6423bbe8e953eb2fe29da,2025-09-24 11:47:15,0,2025-09-24
1063265458,swaafc4f732a096474b949abe7f3abbc8b1,static-web-apps-testing-org/swaafc4f732a096474b949abe7f3abbc8b1,https://github.com/static-web-apps-testing-org/swaafc4f732a096474b949abe7f3abbc8b1,2025-09-24 11:47:15,0,2025-09-24
