id,name,name_with_owner,url,created_at,stars,crawled_at
1026169436,world.execute.me.html,UM7lab/world.execute.me.html,https://github.com/UM7lab/world.execute.me.html,2025-07-25 12:28:39,203,2025-09-23
938753620,img-logger,WraithsDev/img-logger,https://github.com/WraithsDev/img-logger,2025-02-25 12:58:06,163,2025-09-23
1026174111,meteora2,cryptocj520/meteora2,https://github.com/cryptocj520/meteora2,2025-07-25 12:38:18,113,2025-09-23
938743323,Saudi-Riyal-Font,emran-alhaddad/Saudi-Riyal-Font,https://github.com/emran-alhaddad/Saudi-Riyal-Font,2025-02-25 12:38:06,98,2025-09-23
1026168797,Computer-Browser-Phone-Use-Agent-Datasets,Khang-9966/Computer-Browser-Phone-Use-Agent-Datasets,https://github.com/Khang-9966/Computer-Browser-Phone-Use-Agent-Datasets,2025-07-25 12:27:23,64,2025-09-23
1026175344,boltzina,ohuelab/boltzina,https://github.com/ohuelab/boltzina,2025-07-25 12:40:51,51,2025-09-23
1026159590,firecrawl-migrator,firecrawl/firecrawl-migrator,https://github.com/firecrawl/firecrawl-migrator,2025-07-25 12:08:05,35,2025-09-23
1026176608,WeVisionOne,WeChatCV/WeVisionOne,https://github.com/WeChatCV/WeVisionOne,2025-07-25 12:43:22,24,2025-09-23
1026176350,Awesome-Generative-Model-Unlearning-Survey,caxLee/Awesome-Generative-Model-Unlearning-Survey,https://github.com/caxLee/Awesome-Generative-Model-Unlearning-Survey,2025-07-25 12:42:55,16,2025-09-23
1026158132,Multi-Room-Manager-For-FishNet-Unity,Sean-Zeo/Multi-Room-Manager-For-FishNet-Unity,https://github.com/Sean-Zeo/Multi-Room-Manager-For-FishNet-Unity,2025-07-25 12:05:02,12,2025-09-23
1026176456,bilevel-planning,tomsilver/bilevel-planning,https://github.com/tomsilver/bilevel-planning,2025-07-25 12:43:05,11,2025-09-23
861740199,nonebot-plugin-calc-game,pmlrin/nonebot-plugin-calc-game,https://github.com/pmlrin/nonebot-plugin-calc-game,2024-09-23 12:42:49,4,2025-09-23
861746745,2024-2025-project-1-fpga-team-3,algosup/2024-2025-project-1-fpga-team-3,https://github.com/algosup/2024-2025-project-1-fpga-team-3,2024-09-23 12:55:55,4,2025-09-23
922508404,plausible-stats,AA-Turner/plausible-stats,https://github.com/AA-Turner/plausible-stats,2025-01-26 12:08:09,4,2025-09-23
922511244,RestaurantDesignXML,atilsamancioglu/RestaurantDesignXML,https://github.com/atilsamancioglu/RestaurantDesignXML,2025-01-26 12:17:23,4,2025-09-23
1057947707,batch20.buidlguidl.com,BuidlGuidl/batch20.buidlguidl.com,https://github.com/BuidlGuidl/batch20.buidlguidl.com,2025-09-16 12:23:28,4,2025-09-23
1057948475,nodejs-otel_apiconsumobackend,renatogroffe/nodejs-otel_apiconsumobackend,https://github.com/renatogroffe/nodejs-otel_apiconsumobackend,2025-09-16 12:24:39,4,2025-09-23
922509073,sniproxy,xxxsen/sniproxy,https://github.com/xxxsen/sniproxy,2025-01-26 12:10:25,3,2025-09-23
1008362839,safebox-server,SafeMedia/safebox-server,https://github.com/SafeMedia/safebox-server,2025-06-25 12:31:35,3,2025-09-23
908977535,plantuml.nvim,Gabz-Araujo/plantuml.nvim,https://github.com/Gabz-Araujo/plantuml.nvim,2024-12-27 12:46:52,2,2025-09-23
922509368,BallIdentifier,Meff1u/BallIdentifier,https://github.com/Meff1u/BallIdentifier,2025-01-26 12:11:28,2,2025-09-23
922515737,lake,Jackinatox/lake,https://github.com/Jackinatox/lake,2025-01-26 12:32:01,2,2025-09-23
922521132,circuit-deeplinking-playground,hossain-khan/circuit-deeplinking-playground,https://github.com/hossain-khan/circuit-deeplinking-playground,2025-01-26 12:49:34,2,2025-09-23
922523969,priyanshu-kashyap9,priyanshu-kashyap9/priyanshu-kashyap9,https://github.com/priyanshu-kashyap9/priyanshu-kashyap9,2025-01-26 12:58:25,2,2025-09-23
990636161,QuickRooms,rofusedcryof/QuickRooms,https://github.com/rofusedcryof/QuickRooms,2025-05-26 12:08:32,2,2025-09-23
990656159,rainfall.scot,capjamesg/rainfall.scot,https://github.com/capjamesg/rainfall.scot,2025-05-26 12:41:42,2,2025-09-23
1008348513,testrail-mcp-server,skindyk/testrail-mcp-server,https://github.com/skindyk/testrail-mcp-server,2025-06-25 12:04:52,2,2025-09-23
1008363318,React-Portfolio,mdwarish7867/React-Portfolio,https://github.com/mdwarish7867/React-Portfolio,2025-06-25 12:32:31,2,2025-09-23
1008374391,paasup,UpCloudLtd/paasup,https://github.com/UpCloudLtd/paasup,2025-06-25 12:52:58,2,2025-09-23
1008376594,AI-Course,pro-grammer-SD/AI-Course,https://github.com/pro-grammer-SD/AI-Course,2025-06-25 12:57:08,2,2025-09-23
1061182575,Project-Obsidian.SourceGenerators,Custom-Extension-Works/Project-Obsidian.SourceGenerators,https://github.com/Custom-Extension-Works/Project-Obsidian.SourceGenerators,2025-09-21 12:12:47,2,2025-09-23
908979434,aidrun.nvim,ezechukwu69/aidrun.nvim,https://github.com/ezechukwu69/aidrun.nvim,2024-12-27 12:52:53,1,2025-09-23
922507476,jewel-board,jacekkopecky/jewel-board,https://github.com/jacekkopecky/jewel-board,2025-01-26 12:05:21,1,2025-09-23
922508282,-,Arthur123ty/-,https://github.com/Arthur123ty/-,2025-01-26 12:07:45,1,2025-09-23
922512695,DoseFacil,Mariizero/DoseFacil,https://github.com/Mariizero/DoseFacil,2025-01-26 12:22:09,1,2025-09-23
922513500,GujratiSignToSpeech,DeepMathukiya/GujratiSignToSpeech,https://github.com/DeepMathukiya/GujratiSignToSpeech,2025-01-26 12:24:41,1,2025-09-23
922517133,codesthree,kauribeguely/codesthree,https://github.com/kauribeguely/codesthree,2025-01-26 12:36:35,1,2025-09-23
922518003,borgbackup-server-docker,dciancu/borgbackup-server-docker,https://github.com/dciancu/borgbackup-server-docker,2025-01-26 12:39:21,1,2025-09-23
922518284,Problems_Solved,ShriramRsn/Problems_Solved,https://github.com/ShriramRsn/Problems_Solved,2025-01-26 12:40:17,1,2025-09-23
922520634,ksu_next_susfs_cepheus,raystef66/ksu_next_susfs_cepheus,https://github.com/raystef66/ksu_next_susfs_cepheus,2025-01-26 12:47:53,1,2025-09-23
922520765,chip-8,francescomari/chip-8,https://github.com/francescomari/chip-8,2025-01-26 12:48:20,1,2025-09-23
990633452,exploresri_web_system,tenzaicbt/exploresri_web_system,https://github.com/tenzaicbt/exploresri_web_system,2025-05-26 12:03:58,1,2025-09-23
990635240,wpmu-security,helsingborg-stad/wpmu-security,https://github.com/helsingborg-stad/wpmu-security,2025-05-26 12:07:00,1,2025-09-23
990637795,EcommerceWebsite,WILLisEPIC/EcommerceWebsite,https://github.com/WILLisEPIC/EcommerceWebsite,2025-05-26 12:11:26,1,2025-09-23
990640707,COMEMBOADMINLARAVEL,michaeljosherr/COMEMBOADMINLARAVEL,https://github.com/michaeljosherr/COMEMBOADMINLARAVEL,2025-05-26 12:16:26,1,2025-09-23
990647853,LeaDrive,gerardomayella/LeaDrive,https://github.com/gerardomayella/LeaDrive,2025-05-26 12:28:32,1,2025-09-23
990648090,pokemon,yonhyakuyon/pokemon,https://github.com/yonhyakuyon/pokemon,2025-05-26 12:28:56,1,2025-09-23
990649197,scores-app,LangatD/scores-app,https://github.com/LangatD/scores-app,2025-05-26 12:30:49,1,2025-09-23
990663689,Job-Portal,santoshmishra6/Job-Portal,https://github.com/santoshmishra6/Job-Portal,2025-05-26 12:54:09,1,2025-09-23
1008346533,ambient-music-vs-extension,taj54/ambient-music-vs-extension,https://github.com/taj54/ambient-music-vs-extension,2025-06-25 12:00:59,1,2025-09-23
1008348221,SebastianHufeld,SebastianHufeld/SebastianHufeld,https://github.com/SebastianHufeld/SebastianHufeld,2025-06-25 12:04:18,1,2025-09-23
1008356001,ioBroker.hoymiles-ms,mcm4iob/ioBroker.hoymiles-ms,https://github.com/mcm4iob/ioBroker.hoymiles-ms,2025-06-25 12:19:09,1,2025-09-23
1008357974,HostelMate-App,Ladanividhi/HostelMate-App,https://github.com/Ladanividhi/HostelMate-App,2025-06-25 12:22:50,1,2025-09-23
1008358599,Microservices-PlayCatalog,victornovik/Microservices-PlayCatalog,https://github.com/victornovik/Microservices-PlayCatalog,2025-06-25 12:23:53,1,2025-09-23
1008359997,alihancaliskanx,alihancaliskanx/alihancaliskanx,https://github.com/alihancaliskanx/alihancaliskanx,2025-06-25 12:26:22,1,2025-09-23
1008360345,amusement-hub,Alaindeve1/amusement-hub,https://github.com/Alaindeve1/amusement-hub,2025-06-25 12:26:57,1,2025-09-23
1008361179,menusemanal,luchotourn/menusemanal,https://github.com/luchotourn/menusemanal,2025-06-25 12:28:30,1,2025-09-23
1008362469,atl-fitness-adminpage,GuyitsWALID/atl-fitness-adminpage,https://github.com/GuyitsWALID/atl-fitness-adminpage,2025-06-25 12:30:57,1,2025-09-23
1008362640,tango,sone47/tango,https://github.com/sone47/tango,2025-06-25 12:31:14,1,2025-09-23
1008364991,mearn-notes,sayeedmunees/mearn-notes,https://github.com/sayeedmunees/mearn-notes,2025-06-25 12:35:38,1,2025-09-23
1008365604,AlgoVoyage,phph1214/AlgoVoyage,https://github.com/phph1214/AlgoVoyage,2025-06-25 12:36:49,1,2025-09-23
1008367754,AtomsSystems.jl,JuliaMolSim/AtomsSystems.jl,https://github.com/JuliaMolSim/AtomsSystems.jl,2025-06-25 12:40:37,1,2025-09-23
1008368884,Infotugas2,triioade/Infotugas2,https://github.com/triioade/Infotugas2,2025-06-25 12:42:43,1,2025-09-23
1008369325,Projet-DriveGo,samutax75/Projet-DriveGo,https://github.com/samutax75/Projet-DriveGo,2025-06-25 12:43:33,1,2025-09-23
1008369821,dropo,Vibhuair20/dropo,https://github.com/Vibhuair20/dropo,2025-06-25 12:44:27,1,2025-09-23
1008370208,sparnatural-ai,sparna-git/sparnatural-ai,https://github.com/sparna-git/sparnatural-ai,2025-06-25 12:45:11,1,2025-09-23
1008370286,matplotlib-latex-config,GaiusSheh/matplotlib-latex-config,https://github.com/GaiusSheh/matplotlib-latex-config,2025-06-25 12:45:21,1,2025-09-23
1008374294,azuredevops-provider-kog-chart,krateoplatformops/azuredevops-provider-kog-chart,https://github.com/krateoplatformops/azuredevops-provider-kog-chart,2025-06-25 12:52:46,1,2025-09-23
1008377649,gtxgaming-auto,huanthree/gtxgaming-auto,https://github.com/huanthree/gtxgaming-auto,2025-06-25 12:58:59,1,2025-09-23
1008377728,emmanyouwell,emmanyouwell/emmanyouwell,https://github.com/emmanyouwell/emmanyouwell,2025-06-25 12:59:08,1,2025-09-23
1057936979,Web1.F24.HM,majd-tqe/Web1.F24.HM,https://github.com/majd-tqe/Web1.F24.HM,2025-09-16 12:05:38,1,2025-09-23
1057936987,DeviceIQ-Orchestrator-CLI,deviceiq-code/DeviceIQ-Orchestrator-CLI,https://github.com/deviceiq-code/DeviceIQ-Orchestrator-CLI,2025-09-16 12:05:39,1,2025-09-23
1057955403,dotfiles,jehrhardt/dotfiles,https://github.com/jehrhardt/dotfiles,2025-09-16 12:35:56,1,2025-09-23
1057957373,CRM_Leads,afzalhussainj/CRM_Leads,https://github.com/afzalhussainj/CRM_Leads,2025-09-16 12:39:11,1,2025-09-23
1057970294,superbolaz,LucasHenrikrm/superbolaz,https://github.com/LucasHenrikrm/superbolaz,2025-09-16 12:59:44,1,2025-09-23
1059428240,ssdl,zrhmn/ssdl,https://github.com/zrhmn/ssdl,2025-09-18 12:36:49,1,2025-09-23
1061184654,nuxt-starter,addiinnocent/nuxt-starter,https://github.com/addiinnocent/nuxt-starter,2025-09-21 12:17:56,1,2025-09-23
1061185155,AI-ML-Trading-Bot,szarastrefa/AI-ML-Trading-Bot,https://github.com/szarastrefa/AI-ML-Trading-Bot,2025-09-21 12:19:10,1,2025-09-23
1061191221,pokemon-competitive-viability,MaxBewsey/pokemon-competitive-viability,https://github.com/MaxBewsey/pokemon-competitive-viability,2025-09-21 12:34:34,1,2025-09-23
1062552481,Auth-With-FIrebase,CodeWithZee-420/Auth-With-FIrebase,https://github.com/CodeWithZee-420/Auth-With-FIrebase,2025-09-23 12:08:40,1,2025-09-23
908963892,pong-lua,Domogo/pong-lua,https://github.com/Domogo/pong-lua,2024-12-27 12:04:19,0,2025-09-23
908964625,GENOS-REWORKED,PlexTheRat/GENOS-REWORKED,https://github.com/PlexTheRat/GENOS-REWORKED,2024-12-27 12:06:25,0,2025-09-23
908965894,onebit_mechanic,RijayJH/onebit_mechanic,https://github.com/RijayJH/onebit_mechanic,2024-12-27 12:10:19,0,2025-09-23
908966893,onebit_garages,RijayJH/onebit_garages,https://github.com/RijayJH/onebit_garages,2024-12-27 12:13:29,0,2025-09-23
908968312,Lua-Function-Unexpected-Argument-Handling-5l6ii,Bug-Hunter-X/Lua-Function-Unexpected-Argument-Handling-5l6ii,https://github.com/Bug-Hunter-X/Lua-Function-Unexpected-Argument-Handling-5l6ii,2024-12-27 12:18:05,0,2025-09-23
908971001,vifm-git-mv,psxvoid/vifm-git-mv,https://github.com/psxvoid/vifm-git-mv,2024-12-27 12:26:14,0,2025-09-23
908974094,neovim-config,absenceofnunchi/neovim-config,https://github.com/absenceofnunchi/neovim-config,2024-12-27 12:35:55,0,2025-09-23
908974118,dotfiles,Emsu/dotfiles,https://github.com/Emsu/dotfiles,2024-12-27 12:35:59,0,2025-09-23
908974418,neovim-config,adeptly-mid/neovim-config,https://github.com/adeptly-mid/neovim-config,2024-12-27 12:36:57,0,2025-09-23
908974815,phoenix-online,calculatorsua/phoenix-online,https://github.com/calculatorsua/phoenix-online,2024-12-27 12:38:17,0,2025-09-23
908975813,nvim-config,MEGAMMS/nvim-config,https://github.com/MEGAMMS/nvim-config,2024-12-27 12:41:25,0,2025-09-23
908977175,TIC-Projects,LKSLukeStrike/TIC-Projects,https://github.com/LKSLukeStrike/TIC-Projects,2024-12-27 12:45:45,0,2025-09-23
908977491,wezterm-conf,adeptly-mid/wezterm-conf,https://github.com/adeptly-mid/wezterm-conf,2024-12-27 12:46:45,0,2025-09-23
908980053,PlsDonate,SurgedScript/PlsDonate,https://github.com/SurgedScript/PlsDonate,2024-12-27 12:54:48,0,2025-09-23
908981020,Him,XoaiHub/Him,https://github.com/XoaiHub/Him,2024-12-27 12:57:43,0,2025-09-23
922505922,-home,LookKiss/-home,https://github.com/LookKiss/-home,2025-01-26 12:00:05,0,2025-09-23
922505952,agent,mahendrabhandarkar/agent,https://github.com/mahendrabhandarkar/agent,2025-01-26 12:00:10,0,2025-09-23
922506173,SecureNotes,o0SilentStorm0o/SecureNotes,https://github.com/o0SilentStorm0o/SecureNotes,2025-01-26 12:01:00,0,2025-09-23
922506388,scratch_tp,Kidikod/scratch_tp,https://github.com/Kidikod/scratch_tp,2025-01-26 12:01:40,0,2025-09-23
922506491,llx-github-first,LLX-git-1126/llx-github-first,https://github.com/LLX-git-1126/llx-github-first,2025-01-26 12:02:01,0,2025-09-23
922506503,Unexpected-Behavior-of-removeIf-and-removeAll-on-Mutable-Lists-evxcw,Bug-Hunter-X/Unexpected-Behavior-of-removeIf-and-removeAll-on-Mutable-Lists-evxcw,https://github.com/Bug-Hunter-X/Unexpected-Behavior-of-removeIf-and-removeAll-on-Mutable-Lists-evxcw,2025-01-26 12:02:04,0,2025-09-23
922506712,Arsenal-aplikacja-z-wykorzystaniem-firebase,Cz3siek/Arsenal-aplikacja-z-wykorzystaniem-firebase,https://github.com/Cz3siek/Arsenal-aplikacja-z-wykorzystaniem-firebase,2025-01-26 12:02:50,0,2025-09-23
922506899,SOAL-UAS-BIODATA,herisetyawan2704/SOAL-UAS-BIODATA,https://github.com/herisetyawan2704/SOAL-UAS-BIODATA,2025-01-26 12:03:29,0,2025-09-23
922506954,explor,cramomille/explor,https://github.com/cramomille/explor,2025-01-26 12:03:40,0,2025-09-23
922506976,Rick_and_Morty,Iwanow16/Rick_and_Morty,https://github.com/Iwanow16/Rick_and_Morty,2025-01-26 12:03:45,0,2025-09-23
922506994,Gradient_Button_Practice_In_Jetpack_Compose,JubayerAhamadTayef/Gradient_Button_Practice_In_Jetpack_Compose,https://github.com/JubayerAhamadTayef/Gradient_Button_Practice_In_Jetpack_Compose,2025-01-26 12:03:48,0,2025-09-23
922507006,skills-introduction-to-github,Mami331905/skills-introduction-to-github,https://github.com/Mami331905/skills-introduction-to-github,2025-01-26 12:03:51,0,2025-09-23
922507143,Yoannoza,Yoannoza/Yoannoza,https://github.com/Yoannoza/Yoannoza,2025-01-26 12:04:20,0,2025-09-23
922507231,retrofit_lesson_1,OliverScene97/retrofit_lesson_1,https://github.com/OliverScene97/retrofit_lesson_1,2025-01-26 12:04:36,0,2025-09-23
922507327,skills-copilot-codespaces-vscode,ALDI998/skills-copilot-codespaces-vscode,https://github.com/ALDI998/skills-copilot-codespaces-vscode,2025-01-26 12:04:55,0,2025-09-23
922507341,ControlloLego,Toni500github/ControlloLego,https://github.com/Toni500github/ControlloLego,2025-01-26 12:04:57,0,2025-09-23
922507962,1pk2_shestakov,Alese1/1pk2_shestakov,https://github.com/Alese1/1pk2_shestakov,2025-01-26 12:06:48,0,2025-09-23
922508366,resume-v2,JunTingLin/resume-v2,https://github.com/JunTingLin/resume-v2,2025-01-26 12:08:01,0,2025-09-23
922508394,dotfiles,hyeondobin/dotfiles,https://github.com/hyeondobin/dotfiles,2025-01-26 12:08:08,0,2025-09-23
922508445,skills-github-pages,ahlding/skills-github-pages,https://github.com/ahlding/skills-github-pages,2025-01-26 12:08:17,0,2025-09-23
922508453,skills-review-pull-requests,KNG60/skills-review-pull-requests,https://github.com/KNG60/skills-review-pull-requests,2025-01-26 12:08:18,0,2025-09-23
922508496,DuckApplication,majdjarar44/DuckApplication,https://github.com/majdjarar44/DuckApplication,2025-01-26 12:08:29,0,2025-09-23
922508754,ktor-practice,kazuaki83358/ktor-practice,https://github.com/kazuaki83358/ktor-practice,2025-01-26 12:09:24,0,2025-09-23
922508764,emlak-cars,balaqytech/emlak-cars,https://github.com/balaqytech/emlak-cars,2025-01-26 12:09:25,0,2025-09-23
922508859,DSA,JumanaBaharul/DSA,https://github.com/JumanaBaharul/DSA,2025-01-26 12:09:42,0,2025-09-23
922509274,skills-hello-github-actions,harishchiluka/skills-hello-github-actions,https://github.com/harishchiluka/skills-hello-github-actions,2025-01-26 12:11:08,0,2025-09-23
922509296,skills-introduction-to-github,sampanha06/skills-introduction-to-github,https://github.com/sampanha06/skills-introduction-to-github,2025-01-26 12:11:12,0,2025-09-23
922509952,Swethancyber,Swethancyber/Swethancyber,https://github.com/Swethancyber/Swethancyber,2025-01-26 12:13:23,0,2025-09-23
922510042,utils,Lookwe69/utils,https://github.com/Lookwe69/utils,2025-01-26 12:13:42,0,2025-09-23
922510095,induschainexports-website,ttaimoor/induschainexports-website,https://github.com/ttaimoor/induschainexports-website,2025-01-26 12:13:55,0,2025-09-23
922510216,skills-github-pages,Banibaaa/skills-github-pages,https://github.com/Banibaaa/skills-github-pages,2025-01-26 12:14:19,0,2025-09-23
922510297,Portfolio-nextJS,Doomzy/Portfolio-nextJS,https://github.com/Doomzy/Portfolio-nextJS,2025-01-26 12:14:35,0,2025-09-23
922510480,agentic,tozhovez/agentic,https://github.com/tozhovez/agentic,2025-01-26 12:15:09,0,2025-09-23
922510606,ComposeMultiplatformMVVM,salimisler28/ComposeMultiplatformMVVM,https://github.com/salimisler28/ComposeMultiplatformMVVM,2025-01-26 12:15:27,0,2025-09-23
922510651,Leetcode,Mohitlal-873/Leetcode,https://github.com/Mohitlal-873/Leetcode,2025-01-26 12:15:33,0,2025-09-23
922510728,codsoft4,yasmenhosam412/codsoft4,https://github.com/yasmenhosam412/codsoft4,2025-01-26 12:15:47,0,2025-09-23
922510911,FAIZ,FAIZ-OFFICIALS/FAIZ,https://github.com/FAIZ-OFFICIALS/FAIZ,2025-01-26 12:16:20,0,2025-09-23
922511046,MinecraftWorldStacker,MineInAbyss/MinecraftWorldStacker,https://github.com/MineInAbyss/MinecraftWorldStacker,2025-01-26 12:16:45,0,2025-09-23
922511083,Mainpage_tommyz123,tommyzhang12345678/Mainpage_tommyz123,https://github.com/tommyzhang12345678/Mainpage_tommyz123,2025-01-26 12:16:51,0,2025-09-23
922511117,raspi_optplay,ucwtnb/raspi_optplay,https://github.com/ucwtnb/raspi_optplay,2025-01-26 12:16:58,0,2025-09-23
922511121,PopBalloons,Viking159/PopBalloons,https://github.com/Viking159/PopBalloons,2025-01-26 12:16:59,0,2025-09-23
922511276,20250126,isnuwardana/20250126,https://github.com/isnuwardana/20250126,2025-01-26 12:17:28,0,2025-09-23
922511533,Mobile-App-Development,taylan1477/Mobile-App-Development,https://github.com/taylan1477/Mobile-App-Development,2025-01-26 12:18:20,0,2025-09-23
922511938,Yash-patell,Yash-patell/Yash-patell,https://github.com/Yash-patell/Yash-patell,2025-01-26 12:19:39,0,2025-09-23
922512148,PipelineOptimiseV4,CDevOps2022/PipelineOptimiseV4,https://github.com/CDevOps2022/PipelineOptimiseV4,2025-01-26 12:20:23,0,2025-09-23
922512288,CV,arado1/CV,https://github.com/arado1/CV,2025-01-26 12:20:54,0,2025-09-23
922512421,python-study,DrugJangSu/python-study,https://github.com/DrugJangSu/python-study,2025-01-26 12:21:19,0,2025-09-23
922512921,GreenTechUOB,dineth-lochana/GreenTechUOB,https://github.com/dineth-lochana/GreenTechUOB,2025-01-26 12:22:52,0,2025-09-23
922513028,skills-github-pages,sefkan62/skills-github-pages,https://github.com/sefkan62/skills-github-pages,2025-01-26 12:23:08,0,2025-09-23
922513111,Mhbib34,Mhbib34/Mhbib34,https://github.com/Mhbib34/Mhbib34,2025-01-26 12:23:22,0,2025-09-23
922513276,skills-copilot-codespaces-vscode,shangChal/skills-copilot-codespaces-vscode,https://github.com/shangChal/skills-copilot-codespaces-vscode,2025-01-26 12:23:54,0,2025-09-23
922513325,kresume,yeshuwahane/kresume,https://github.com/yeshuwahane/kresume,2025-01-26 12:24:04,0,2025-09-23
922513375,skills-communicate-using-markdown,teeery/skills-communicate-using-markdown,https://github.com/teeery/skills-communicate-using-markdown,2025-01-26 12:24:14,0,2025-09-23
922513883,Playlist-Maker,TomasAsher/Playlist-Maker,https://github.com/TomasAsher/Playlist-Maker,2025-01-26 12:25:54,0,2025-09-23
922513967,Baptiste_page,MongolFox/Baptiste_page,https://github.com/MongolFox/Baptiste_page,2025-01-26 12:26:10,0,2025-09-23
922514104,skills-introduction-to-github,wasilmk/skills-introduction-to-github,https://github.com/wasilmk/skills-introduction-to-github,2025-01-26 12:26:37,0,2025-09-23
922514196,k8s-security,cfkubo/k8s-security,https://github.com/cfkubo/k8s-security,2025-01-26 12:26:56,0,2025-09-23
922514497,sharedPreferences_tasks_list,dhanazam/sharedPreferences_tasks_list,https://github.com/dhanazam/sharedPreferences_tasks_list,2025-01-26 12:27:57,0,2025-09-23
922514819,otus_arch_and_patterns,NataliaSherrit/otus_arch_and_patterns,https://github.com/NataliaSherrit/otus_arch_and_patterns,2025-01-26 12:28:59,0,2025-09-23
922514851,RawEnigneering,adi0515sharma/RawEnigneering,https://github.com/adi0515sharma/RawEnigneering,2025-01-26 12:29:04,0,2025-09-23
922514908,pingX,Its-Nyein/pingX,https://github.com/Its-Nyein/pingX,2025-01-26 12:29:15,0,2025-09-23
922514983,dotfiles,lomarco/dotfiles,https://github.com/lomarco/dotfiles,2025-01-26 12:29:31,0,2025-09-23
922515398,Stocks,juanmegia/Stocks,https://github.com/juanmegia/Stocks,2025-01-26 12:30:51,0,2025-09-23
922515406,Nerd06,Warwar69/Nerd06,https://github.com/Warwar69/Nerd06,2025-01-26 12:30:52,0,2025-09-23
922515476,skills-introduction-to-github,linharesbifix/skills-introduction-to-github,https://github.com/linharesbifix/skills-introduction-to-github,2025-01-26 12:31:07,0,2025-09-23
922515639,Python-Programming-Project,nayem1075/Python-Programming-Project,https://github.com/nayem1075/Python-Programming-Project,2025-01-26 12:31:41,0,2025-09-23
922515864,Mobile---Atividade-Avaliativa,Erika-Santana/Mobile---Atividade-Avaliativa,https://github.com/Erika-Santana/Mobile---Atividade-Avaliativa,2025-01-26 12:32:29,0,2025-09-23
922516054,runner,voidcontests/runner,https://github.com/voidcontests/runner,2025-01-26 12:33:06,0,2025-09-23
922517236,RmaReactVite2,AleMazzaforte/RmaReactVite2,https://github.com/AleMazzaforte/RmaReactVite2,2025-01-26 12:36:55,0,2025-09-23
922517445,uo-people,the13-HK/uo-people,https://github.com/the13-HK/uo-people,2025-01-26 12:37:31,0,2025-09-23
922517447,androidwebsocket,ricardoStolze/androidwebsocket,https://github.com/ricardoStolze/androidwebsocket,2025-01-26 12:37:32,0,2025-09-23
922517550,skills-introduction-to-github,hao15235/skills-introduction-to-github,https://github.com/hao15235/skills-introduction-to-github,2025-01-26 12:37:53,0,2025-09-23
922517677,ansible-role-virtualbox-guest,pluggero/ansible-role-virtualbox-guest,https://github.com/pluggero/ansible-role-virtualbox-guest,2025-01-26 12:38:21,0,2025-09-23
922517992,Learn-Well,sanjula77/Learn-Well,https://github.com/sanjula77/Learn-Well,2025-01-26 12:39:19,0,2025-09-23
922518329,LeetCode,PRAJWALSINKAR/LeetCode,https://github.com/PRAJWALSINKAR/LeetCode,2025-01-26 12:40:23,0,2025-09-23
922518331,SIGNIN-LOGIN,JLHONE/SIGNIN-LOGIN,https://github.com/JLHONE/SIGNIN-LOGIN,2025-01-26 12:40:23,0,2025-09-23
922518485,oyo-ui-changer,openyellowos/oyo-ui-changer,https://github.com/openyellowos/oyo-ui-changer,2025-01-26 12:40:56,0,2025-09-23
922518662,PrMA,ProstoDims/PrMA,https://github.com/ProstoDims/PrMA,2025-01-26 12:41:26,0,2025-09-23
922519083,Masters,phaue/Masters,https://github.com/phaue/Masters,2025-01-26 12:42:50,0,2025-09-23
922519288,interviewAIde,syedshayanuddin/interviewAIde,https://github.com/syedshayanuddin/interviewAIde,2025-01-26 12:43:36,0,2025-09-23
922519323,jscode,tanu123803/jscode,https://github.com/tanu123803/jscode,2025-01-26 12:43:41,0,2025-09-23
922519339,forever-store-backend,Nazar-Buk/forever-store-backend,https://github.com/Nazar-Buk/forever-store-backend,2025-01-26 12:43:43,0,2025-09-23
922519421,dom-builder,bunglegrind/dom-builder,https://github.com/bunglegrind/dom-builder,2025-01-26 12:44:00,0,2025-09-23
922519523,FirstCodeInKotlin,YSTuran/FirstCodeInKotlin,https://github.com/YSTuran/FirstCodeInKotlin,2025-01-26 12:44:18,0,2025-09-23
922519662,Coding-Practice,Gokul8807/Coding-Practice,https://github.com/Gokul8807/Coding-Practice,2025-01-26 12:44:49,0,2025-09-23
922519760,clock-check,SoeNadiWai/clock-check,https://github.com/SoeNadiWai/clock-check,2025-01-26 12:45:06,0,2025-09-23
922519772,OneStore,razenxc/OneStore,https://github.com/razenxc/OneStore,2025-01-26 12:45:10,0,2025-09-23
922519921,efvock.github.io,efvock/efvock.github.io,https://github.com/efvock/efvock.github.io,2025-01-26 12:45:37,0,2025-09-23
922520011,boid-bridge-ui,animuslabs/boid-bridge-ui,https://github.com/animuslabs/boid-bridge-ui,2025-01-26 12:45:54,0,2025-09-23
922520096,CatalogueApp,hess125/CatalogueApp,https://github.com/hess125/CatalogueApp,2025-01-26 12:46:09,0,2025-09-23
922520101,dosta2,seition2doc/dosta2,https://github.com/seition2doc/dosta2,2025-01-26 12:46:10,0,2025-09-23
922520387,tfars.github.io,TFARS/tfars.github.io,https://github.com/TFARS/tfars.github.io,2025-01-26 12:47:07,0,2025-09-23
922520438,skills-introduction-to-github,chanez018/skills-introduction-to-github,https://github.com/chanez018/skills-introduction-to-github,2025-01-26 12:47:14,0,2025-09-23
922520617,Basic-Github,Rochan09/Basic-Github,https://github.com/Rochan09/Basic-Github,2025-01-26 12:47:50,0,2025-09-23
922520964,tracepoint,vishal-bhangare/tracepoint,https://github.com/vishal-bhangare/tracepoint,2025-01-26 12:49:01,0,2025-09-23
922521139,skills-github-pages,kupriyanovNik/skills-github-pages,https://github.com/kupriyanovNik/skills-github-pages,2025-01-26 12:49:35,0,2025-09-23
922521891,skills-communicate-using-markdown,nandakiran-r/skills-communicate-using-markdown,https://github.com/nandakiran-r/skills-communicate-using-markdown,2025-01-26 12:51:49,0,2025-09-23
922522031,dotfiles,1vnx/dotfiles,https://github.com/1vnx/dotfiles,2025-01-26 12:52:14,0,2025-09-23
922522429,bets-app,betsc2024/bets-app,https://github.com/betsc2024/bets-app,2025-01-26 12:53:29,0,2025-09-23
922522604,TimeTable,farhanisthis/TimeTable,https://github.com/farhanisthis/TimeTable,2025-01-26 12:54:07,0,2025-09-23
922522736,T9Tuco,T9Tuco/T9Tuco,https://github.com/T9Tuco/T9Tuco,2025-01-26 12:54:35,0,2025-09-23
922522868,Clarity,marcelrienks/Clarity,https://github.com/marcelrienks/Clarity,2025-01-26 12:54:58,0,2025-09-23
922522965,skills-introduction-to-github,fatimaezzahrakasmi/skills-introduction-to-github,https://github.com/fatimaezzahrakasmi/skills-introduction-to-github,2025-01-26 12:55:15,0,2025-09-23
922523015,skills-introduction-to-github,Siddharthjagtap346/skills-introduction-to-github,https://github.com/Siddharthjagtap346/skills-introduction-to-github,2025-01-26 12:55:24,0,2025-09-23
922523076,github-workflows,vineetranaji/github-workflows,https://github.com/vineetranaji/github-workflows,2025-01-26 12:55:35,0,2025-09-23
922523125,test,oogatakun/test,https://github.com/oogatakun/test,2025-01-26 12:55:46,0,2025-09-23
922523155,ycompetenze-github-pagine,Braiancopa/ycompetenze-github-pagine,https://github.com/Braiancopa/ycompetenze-github-pagine,2025-01-26 12:55:53,0,2025-09-23
922523207,advent-of-code-2024,elrho/advent-of-code-2024,https://github.com/elrho/advent-of-code-2024,2025-01-26 12:56:03,0,2025-09-23
922523370,WeatherAppNew,ParnaChatterjee-Grid/WeatherAppNew,https://github.com/ParnaChatterjee-Grid/WeatherAppNew,2025-01-26 12:56:37,0,2025-09-23
922523556,Projects,VinayakGupta112/Projects,https://github.com/VinayakGupta112/Projects,2025-01-26 12:57:10,0,2025-09-23
922523747,heart_Project2,Atharv-bali/heart_Project2,https://github.com/Atharv-bali/heart_Project2,2025-01-26 12:57:43,0,2025-09-23
922523755,screen-sharing-demo,mark0613/screen-sharing-demo,https://github.com/mark0613/screen-sharing-demo,2025-01-26 12:57:45,0,2025-09-23
922524113,all-in-market,AlbertSereda/all-in-market,https://github.com/AlbertSereda/all-in-market,2025-01-26 12:58:54,0,2025-09-23
922524346,skills-copilot-codespaces-vscode,Derek-glitch-svg/skills-copilot-codespaces-vscode,https://github.com/Derek-glitch-svg/skills-copilot-codespaces-vscode,2025-01-26 12:59:45,0,2025-09-23
922524380,VKNewsClient,IvanToropygin/VKNewsClient,https://github.com/IvanToropygin/VKNewsClient,2025-01-26 12:59:52,0,2025-09-23
990631157,bsm-smk2,upimariani/bsm-smk2,https://github.com/upimariani/bsm-smk2,2025-05-26 12:00:04,0,2025-09-23
990631560,symfony-app-udemy,piotrkadulawork/symfony-app-udemy,https://github.com/piotrkadulawork/symfony-app-udemy,2025-05-26 12:00:50,0,2025-09-23
990631868,FDE_Test_goed,Daanvanrooten/FDE_Test_goed,https://github.com/Daanvanrooten/FDE_Test_goed,2025-05-26 12:01:23,0,2025-09-23
990632285,23,sunluxwon/23,https://github.com/sunluxwon/23,2025-05-26 12:02:09,0,2025-09-23
990632480,re-spis_tresci2.0,gdawid9407/re-spis_tresci2.0,https://github.com/gdawid9407/re-spis_tresci2.0,2025-05-26 12:02:28,0,2025-09-23
990632721,lampimpl,botdenoms/lampimpl,https://github.com/botdenoms/lampimpl,2025-05-26 12:02:50,0,2025-09-23
990633404,JOB-UBIDS,lalaradar/JOB-UBIDS,https://github.com/lalaradar/JOB-UBIDS,2025-05-26 12:03:54,0,2025-09-23
990633544,test,ehsan-zsh/test,https://github.com/ehsan-zsh/test,2025-05-26 12:04:08,0,2025-09-23
990633703,thecheat_be,deltam3/thecheat_be,https://github.com/deltam3/thecheat_be,2025-05-26 12:04:22,0,2025-09-23
990634073,Kweez,xautiik/Kweez,https://github.com/xautiik/Kweez,2025-05-26 12:05:00,0,2025-09-23
990634782,jvent,AllanBro18/jvent,https://github.com/AllanBro18/jvent,2025-05-26 12:06:15,0,2025-09-23
990634822,locadora,igorViniciws/locadora,https://github.com/igorViniciws/locadora,2025-05-26 12:06:19,0,2025-09-23
990635198,rydrproject,Sami-Teshome/rydrproject,https://github.com/Sami-Teshome/rydrproject,2025-05-26 12:06:57,0,2025-09-23
990635260,Piklify,ceekeey/Piklify,https://github.com/ceekeey/Piklify,2025-05-26 12:07:02,0,2025-09-23
990635331,Apex234,Afrah-create/Apex234,https://github.com/Afrah-create/Apex234,2025-05-26 12:07:09,0,2025-09-23
990635375,HR_Management,slsabiln/HR_Management,https://github.com/slsabiln/HR_Management,2025-05-26 12:07:13,0,2025-09-23
990635925,Mon-repository1,Boussofaye/Mon-repository1,https://github.com/Boussofaye/Mon-repository1,2025-05-26 12:08:09,0,2025-09-23
990636773,Vit_electronics,ishworj/Vit_electronics,https://github.com/ishworj/Vit_electronics,2025-05-26 12:09:40,0,2025-09-23
990636999,ciine-cli,survos-sites/ciine-cli,https://github.com/survos-sites/ciine-cli,2025-05-26 12:10:00,0,2025-09-23
990637843,judging-system,stevemainak/judging-system,https://github.com/stevemainak/judging-system,2025-05-26 12:11:31,0,2025-09-23
990638150,php,Johny07159/php,https://github.com/Johny07159/php,2025-05-26 12:12:05,0,2025-09-23
990638265,webmodul_5,istizhraa24/webmodul_5,https://github.com/istizhraa24/webmodul_5,2025-05-26 12:12:17,0,2025-09-23
990638404,Online_Library_Management_System,GJCMSCS-20112014/Online_Library_Management_System,https://github.com/GJCMSCS-20112014/Online_Library_Management_System,2025-05-26 12:12:30,0,2025-09-23
990639084,Project-Laravel,TinusHouben/Project-Laravel,https://github.com/TinusHouben/Project-Laravel,2025-05-26 12:13:45,0,2025-09-23
990640119,Web2,IceColdOros/Web2,https://github.com/IceColdOros/Web2,2025-05-26 12:15:27,0,2025-09-23
990640418,to-do-list-api,jonasportugall/to-do-list-api,https://github.com/jonasportugall/to-do-list-api,2025-05-26 12:15:56,0,2025-09-23
990640697,KurbanRT,AlphaProject-Coder/KurbanRT,https://github.com/AlphaProject-Coder/KurbanRT,2025-05-26 12:16:25,0,2025-09-23
990640819,TDS_php,Lucas200507/TDS_php,https://github.com/Lucas200507/TDS_php,2025-05-26 12:16:38,0,2025-09-23
990641249,Monbudget,yasminefourti/Monbudget,https://github.com/yasminefourti/Monbudget,2025-05-26 12:17:19,0,2025-09-23
990641401,PHP,Braba-ra/PHP,https://github.com/Braba-ra/PHP,2025-05-26 12:17:35,0,2025-09-23
990641624,laporanpraktikum11,amalianisa0108/laporanpraktikum11,https://github.com/amalianisa0108/laporanpraktikum11,2025-05-26 12:17:55,0,2025-09-23
990641866,php-project,syeda-eman27/php-project,https://github.com/syeda-eman27/php-project,2025-05-26 12:18:18,0,2025-09-23
990642156,perpustakaan,ikhsanmakruf/perpustakaan,https://github.com/ikhsanmakruf/perpustakaan,2025-05-26 12:18:49,0,2025-09-23
990642450,library_backend,LianFugosino/library_backend,https://github.com/LianFugosino/library_backend,2025-05-26 12:19:18,0,2025-09-23
990642587,WolfPJ,Nathanaell019/WolfPJ,https://github.com/Nathanaell019/WolfPJ,2025-05-26 12:19:33,0,2025-09-23
990642650,online_voting_system,King-Ross/online_voting_system,https://github.com/King-Ross/online_voting_system,2025-05-26 12:19:38,0,2025-09-23
990643090,icm,bams-dev/icm,https://github.com/bams-dev/icm,2025-05-26 12:20:26,0,2025-09-23
990643821,pharma-info,motor100/pharma-info,https://github.com/motor100/pharma-info,2025-05-26 12:21:43,0,2025-09-23
990643899,MoodVis--MoodVisualization-,indraagstin025/MoodVis--MoodVisualization-,https://github.com/indraagstin025/MoodVis--MoodVisualization-,2025-05-26 12:21:51,0,2025-09-23
990644694,sylius-packeta-plugin,3BRS/sylius-packeta-plugin,https://github.com/3BRS/sylius-packeta-plugin,2025-05-26 12:23:07,0,2025-09-23
990645400,Notes-App-Using-PHP,Shubham-Nirmal/Notes-App-Using-PHP,https://github.com/Shubham-Nirmal/Notes-App-Using-PHP,2025-05-26 12:24:14,0,2025-09-23
990645825,administrasipterpan,Leonn1205/administrasipterpan,https://github.com/Leonn1205/administrasipterpan,2025-05-26 12:24:59,0,2025-09-23
990646066,websekolah,sahrulashar/websekolah,https://github.com/sahrulashar/websekolah,2025-05-26 12:25:25,0,2025-09-23
990646204,etatcivil,12KOFFI/etatcivil,https://github.com/12KOFFI/etatcivil,2025-05-26 12:25:40,0,2025-09-23
990646492,MIS-Planner,Aime-C/MIS-Planner,https://github.com/Aime-C/MIS-Planner,2025-05-26 12:26:11,0,2025-09-23
990647437,wp-vite-theme,stfnlnc/wp-vite-theme,https://github.com/stfnlnc/wp-vite-theme,2025-05-26 12:27:49,0,2025-09-23
990647924,secondweekpractice,melanie889/secondweekpractice,https://github.com/melanie889/secondweekpractice,2025-05-26 12:28:38,0,2025-09-23
990648443,martinandirishwstfinalproj,josshuabinuya/martinandirishwstfinalproj,https://github.com/josshuabinuya/martinandirishwstfinalproj,2025-05-26 12:29:31,0,2025-09-23
990648943,wsts,Jhambles/wsts,https://github.com/Jhambles/wsts,2025-05-26 12:30:24,0,2025-09-23
990649144,DB_Proj_sem4,JakubGuzik22/DB_Proj_sem4,https://github.com/JakubGuzik22/DB_Proj_sem4,2025-05-26 12:30:43,0,2025-09-23
990649289,tutoLaravel,codeurMDG/tutoLaravel,https://github.com/codeurMDG/tutoLaravel,2025-05-26 12:30:59,0,2025-09-23
990649525,contao-command-bundle,Web-Ex-Machina/contao-command-bundle,https://github.com/Web-Ex-Machina/contao-command-bundle,2025-05-26 12:31:24,0,2025-09-23
990650165,demo-1-league,biletskyi-mykyta-demo-projects/demo-1-league,https://github.com/biletskyi-mykyta-demo-projects/demo-1-league,2025-05-26 12:32:31,0,2025-09-23
990650270,php,EsmailtonGuerra/php,https://github.com/EsmailtonGuerra/php,2025-05-26 12:32:40,0,2025-09-23
990650304,personal-page-api,huziichuk/personal-page-api,https://github.com/huziichuk/personal-page-api,2025-05-26 12:32:44,0,2025-09-23
990650361,todoapp,LegoJeck/todoapp,https://github.com/LegoJeck/todoapp,2025-05-26 12:32:50,0,2025-09-23
990650373,portfolio-ecf4,dona7484/portfolio-ecf4,https://github.com/dona7484/portfolio-ecf4,2025-05-26 12:32:52,0,2025-09-23
990650441,apo1,celsojcr/apo1,https://github.com/celsojcr/apo1,2025-05-26 12:32:58,0,2025-09-23
990650558,PROJECT,newJoelQuintero/PROJECT,https://github.com/newJoelQuintero/PROJECT,2025-05-26 12:33:11,0,2025-09-23
990651404,localdines-driver,JanakiramanB31/localdines-driver,https://github.com/JanakiramanB31/localdines-driver,2025-05-26 12:34:34,0,2025-09-23
990651987,online-voting-system,ArJuNn-H/online-voting-system,https://github.com/ArJuNn-H/online-voting-system,2025-05-26 12:35:29,0,2025-09-23
990652502,AcadP,zeey4d/AcadP,https://github.com/zeey4d/AcadP,2025-05-26 12:36:13,0,2025-09-23
990652783,book-rental,amrudzr/book-rental,https://github.com/amrudzr/book-rental,2025-05-26 12:36:37,0,2025-09-23
990653287,EducationSystem,KaitoEgusa/EducationSystem,https://github.com/KaitoEgusa/EducationSystem,2025-05-26 12:37:25,0,2025-09-23
990653644,Soal20,fathulakbar05/Soal20,https://github.com/fathulakbar05/Soal20,2025-05-26 12:37:58,0,2025-09-23
990653823,dealer-mobil-sederhana,farellthealchemist/dealer-mobil-sederhana,https://github.com/farellthealchemist/dealer-mobil-sederhana,2025-05-26 12:38:14,0,2025-09-23
990654489,mx100-job-portal,dayung16/mx100-job-portal,https://github.com/dayung16/mx100-job-portal,2025-05-26 12:39:11,0,2025-09-23
990656733,Mercado,TSI-1711/Mercado,https://github.com/TSI-1711/Mercado,2025-05-26 12:42:33,0,2025-09-23
990656899,framework-packages,alex-alk/framework-packages,https://github.com/alex-alk/framework-packages,2025-05-26 12:42:49,0,2025-09-23
990656946,EasyEV-Charging,noim015/EasyEV-Charging,https://github.com/noim015/EasyEV-Charging,2025-05-26 12:42:52,0,2025-09-23
990657261,automata-case-study,lanserinno/automata-case-study,https://github.com/lanserinno/automata-case-study,2025-05-26 12:43:22,0,2025-09-23
990658018,model-log,Sardorbek1605/model-log,https://github.com/Sardorbek1605/model-log,2025-05-26 12:44:42,0,2025-09-23
990658589,arabian-group-academy,NoorAlden21/arabian-group-academy,https://github.com/NoorAlden21/arabian-group-academy,2025-05-26 12:45:38,0,2025-09-23
990658722,Waste_Rebels_Backend,Carine09/Waste_Rebels_Backend,https://github.com/Carine09/Waste_Rebels_Backend,2025-05-26 12:45:53,0,2025-09-23
990659326,poryadochniy,saitek95/poryadochniy,https://github.com/saitek95/poryadochniy,2025-05-26 12:46:52,0,2025-09-23
990659641,tombooru,msikma/tombooru,https://github.com/msikma/tombooru,2025-05-26 12:47:22,0,2025-09-23
990660158,WST-Final_Project,josh-espanola/WST-Final_Project,https://github.com/josh-espanola/WST-Final_Project,2025-05-26 12:48:12,0,2025-09-23
990660324,Agenda12,EdielOliveira/Agenda12,https://github.com/EdielOliveira/Agenda12,2025-05-26 12:48:30,0,2025-09-23
990661159,project1,bila200306/project1,https://github.com/bila200306/project1,2025-05-26 12:49:52,0,2025-09-23
990663446,MoversProject,mwerii/MoversProject,https://github.com/mwerii/MoversProject,2025-05-26 12:53:43,0,2025-09-23
990663759,slimReactor,R3DAu/slimReactor,https://github.com/R3DAu/slimReactor,2025-05-26 12:54:17,0,2025-09-23
990665342,laravel-nagoyameshi,Hashimoto-0909/laravel-nagoyameshi,https://github.com/Hashimoto-0909/laravel-nagoyameshi,2025-05-26 12:56:57,0,2025-09-23
990665395,Programacion,Lemmii33/Programacion,https://github.com/Lemmii33/Programacion,2025-05-26 12:57:05,0,2025-09-23
990665803,Login,carlpantoja/Login,https://github.com/carlpantoja/Login,2025-05-26 12:57:49,0,2025-09-23
990665862,FinalProjectWST2,Harvzkiee/FinalProjectWST2,https://github.com/Harvzkiee/FinalProjectWST2,2025-05-26 12:57:54,0,2025-09-23
990666008,pet_adoption_website,diyang24/pet_adoption_website,https://github.com/diyang24/pet_adoption_website,2025-05-26 12:58:10,0,2025-09-23
990666338,laravel10_yt,hongsomonor/laravel10_yt,https://github.com/hongsomonor/laravel10_yt,2025-05-26 12:58:45,0,2025-09-23
990666662,AlternativeDrug-Recommender,SreekarSamrudh/AlternativeDrug-Recommender,https://github.com/SreekarSamrudh/AlternativeDrug-Recommender,2025-05-26 12:59:20,0,2025-09-23
990666783,GitHub-exams-Villacres-unit1,afvillacres/GitHub-exams-Villacres-unit1,https://github.com/afvillacres/GitHub-exams-Villacres-unit1,2025-05-26 12:59:33,0,2025-09-23
990666922,dashboard,ispbillingai/dashboard,https://github.com/ispbillingai/dashboard,2025-05-26 12:59:48,0,2025-09-23
1008346063,MonirMohammed1995,MonirMohammed1995/MonirMohammed1995,https://github.com/MonirMohammed1995/MonirMohammed1995,2025-06-25 12:00:06,0,2025-09-23
1008346249,typotune,ericiannj/typotune,https://github.com/ericiannj/typotune,2025-06-25 12:00:29,0,2025-09-23
1008346463,EchoPages,Rohit7241/EchoPages,https://github.com/Rohit7241/EchoPages,2025-06-25 12:00:52,0,2025-09-23
1008346511,DatabaseSc,DilzTzy999/DatabaseSc,https://github.com/DilzTzy999/DatabaseSc,2025-06-25 12:00:56,0,2025-09-23
1008346923,fault-reporting-system,Prince-213/fault-reporting-system,https://github.com/Prince-213/fault-reporting-system,2025-06-25 12:01:44,0,2025-09-23
1008346957,SSMArma,koda86/SSMArma,https://github.com/koda86/SSMArma,2025-06-25 12:01:48,0,2025-09-23
1008347133,BE,LiteBoard/BE,https://github.com/LiteBoard/BE,2025-06-25 12:02:10,0,2025-09-23
1008347170,react-native-nitro-background-timer,saif-o99/react-native-nitro-background-timer,https://github.com/saif-o99/react-native-nitro-background-timer,2025-06-25 12:02:14,0,2025-09-23
1008347177,kronk,classicvinyl/kronk,https://github.com/classicvinyl/kronk,2025-06-25 12:02:16,0,2025-09-23
1008348116,weeklyNFLPicker,spatertot/weeklyNFLPicker,https://github.com/spatertot/weeklyNFLPicker,2025-06-25 12:04:07,0,2025-09-23
1008348124,CampaignGenie,MohammadAzadeh/CampaignGenie,https://github.com/MohammadAzadeh/CampaignGenie,2025-06-25 12:04:08,0,2025-09-23
1008348773,job-search-react-web-app-project,khalidhossain5000/job-search-react-web-app-project,https://github.com/khalidhossain5000/job-search-react-web-app-project,2025-06-25 12:05:21,0,2025-09-23
1008348921,PathBuilder,ch03048080/PathBuilder,https://github.com/ch03048080/PathBuilder,2025-06-25 12:05:39,0,2025-09-23
1008348930,help,adi20IITM/help,https://github.com/adi20IITM/help,2025-06-25 12:05:41,0,2025-09-23
1008349478,SLURM,nol1v3/SLURM,https://github.com/nol1v3/SLURM,2025-06-25 12:06:49,0,2025-09-23
1008349742,GOA-homeworks,dachi377/GOA-homeworks,https://github.com/dachi377/GOA-homeworks,2025-06-25 12:07:17,0,2025-09-23
1008350003,opnc-helm-chart,saw-jan/opnc-helm-chart,https://github.com/saw-jan/opnc-helm-chart,2025-06-25 12:07:46,0,2025-09-23
1008350177,Cloud-Services-Course-admin-tool,nilekant93/Cloud-Services-Course-admin-tool,https://github.com/nilekant93/Cloud-Services-Course-admin-tool,2025-06-25 12:08:05,0,2025-09-23
1008350361,flash_card,felipao44/flash_card,https://github.com/felipao44/flash_card,2025-06-25 12:08:24,0,2025-09-23
1008350803,react-keycloak,Nagato-01/react-keycloak,https://github.com/Nagato-01/react-keycloak,2025-06-25 12:09:10,0,2025-09-23
1008351494,knunicorn,gitknu/knunicorn,https://github.com/gitknu/knunicorn,2025-06-25 12:10:29,0,2025-09-23
1008351567,timetracking-team-three,rsuciunttdata/timetracking-team-three,https://github.com/rsuciunttdata/timetracking-team-three,2025-06-25 12:10:38,0,2025-09-23
1008351807,chat_room,earlyano07/chat_room,https://github.com/earlyano07/chat_room,2025-06-25 12:11:04,0,2025-09-23
1008351877,block-685be75f5f2a33fa502fd5be,mext-ai/block-685be75f5f2a33fa502fd5be,https://github.com/mext-ai/block-685be75f5f2a33fa502fd5be,2025-06-25 12:11:11,0,2025-09-23
1008351956,fixitron-client,srpinki/fixitron-client,https://github.com/srpinki/fixitron-client,2025-06-25 12:11:20,0,2025-09-23
1008352506,DeutscherPowerPlatformCommunityCall,PowerRobin/DeutscherPowerPlatformCommunityCall,https://github.com/PowerRobin/DeutscherPowerPlatformCommunityCall,2025-06-25 12:12:27,0,2025-09-23
1008352584,uirf-lms-web-profile,digikraaft/uirf-lms-web-profile,https://github.com/digikraaft/uirf-lms-web-profile,2025-06-25 12:12:37,0,2025-09-23
1008352627,Attendance_management_project,kalviumcommunity/Attendance_management_project,https://github.com/kalviumcommunity/Attendance_management_project,2025-06-25 12:12:42,0,2025-09-23
1008352773,mdviewer,dictyBase/mdviewer,https://github.com/dictyBase/mdviewer,2025-06-25 12:12:59,0,2025-09-23
1008353351,AWS-SageMaker-ML-Project,GoJo-Rika/AWS-SageMaker-ML-Project,https://github.com/GoJo-Rika/AWS-SageMaker-ML-Project,2025-06-25 12:14:06,0,2025-09-23
1008353371,project-management,Solene0971/project-management,https://github.com/Solene0971/project-management,2025-06-25 12:14:10,0,2025-09-23
1008353455,flashcard,isinhafleite/flashcard,https://github.com/isinhafleite/flashcard,2025-06-25 12:14:19,0,2025-09-23
1008353705,360,Simratrattey/360,https://github.com/Simratrattey/360,2025-06-25 12:14:47,0,2025-09-23
1008353848,homework.github.io,EGORT02/homework.github.io,https://github.com/EGORT02/homework.github.io,2025-06-25 12:15:04,0,2025-09-23
1008353999,OneClick,ananyashreesharma/OneClick,https://github.com/ananyashreesharma/OneClick,2025-06-25 12:15:21,0,2025-09-23
1008354428,catalog-airtable,data-fair/catalog-airtable,https://github.com/data-fair/catalog-airtable,2025-06-25 12:16:09,0,2025-09-23
1008354451,MyFinance,studentx183/MyFinance,https://github.com/studentx183/MyFinance,2025-06-25 12:16:11,0,2025-09-23
1008354521,PomodoroApp_Front,UserHan9/PomodoroApp_Front,https://github.com/UserHan9/PomodoroApp_Front,2025-06-25 12:16:20,0,2025-09-23
1008354529,SBA_26,Electric-2024/SBA_26,https://github.com/Electric-2024/SBA_26,2025-06-25 12:16:21,0,2025-09-23
1008354544,narval,petermichon/narval,https://github.com/petermichon/narval,2025-06-25 12:16:22,0,2025-09-23
1008354942,keeb,asitwouldseem/keeb,https://github.com/asitwouldseem/keeb,2025-06-25 12:17:07,0,2025-09-23
1008355508,FitMind-Coach,Predatorevil666/FitMind-Coach,https://github.com/Predatorevil666/FitMind-Coach,2025-06-25 12:18:13,0,2025-09-23
1008355637,shiny-badge-ui,jcscruggs/shiny-badge-ui,https://github.com/jcscruggs/shiny-badge-ui,2025-06-25 12:18:29,0,2025-09-23
1008355692,BELHABIB-PRO,adnane06net/BELHABIB-PRO,https://github.com/adnane06net/BELHABIB-PRO,2025-06-25 12:18:34,0,2025-09-23
1008355798,GEPNet,zhengqian1515/GEPNet,https://github.com/zhengqian1515/GEPNet,2025-06-25 12:18:45,0,2025-09-23
1008355817,full-Portfolio,KunalLabs/full-Portfolio,https://github.com/KunalLabs/full-Portfolio,2025-06-25 12:18:48,0,2025-09-23
1008355923,practice-app,azeemsheikh22/practice-app,https://github.com/azeemsheikh22/practice-app,2025-06-25 12:18:59,0,2025-09-23
1008356654,end-demand.github.io,end-demand/end-demand.github.io,https://github.com/end-demand/end-demand.github.io,2025-06-25 12:20:21,0,2025-09-23
1008357524,r-lib-actions,step-security/r-lib-actions,https://github.com/step-security/r-lib-actions,2025-06-25 12:21:57,0,2025-09-23
1008358042,GoldenSilver,wnstn4896/GoldenSilver,https://github.com/wnstn4896/GoldenSilver,2025-06-25 12:22:56,0,2025-09-23
1008358218,calculadora-debitos-condominio,suporteleiloescaixa/calculadora-debitos-condominio,https://github.com/suporteleiloescaixa/calculadora-debitos-condominio,2025-06-25 12:23:16,0,2025-09-23
1008358256,converso,KunalGaikwad1/converso,https://github.com/KunalGaikwad1/converso,2025-06-25 12:23:20,0,2025-09-23
1008358437,medicore-pro-2,Aaditya29112005/medicore-pro-2,https://github.com/Aaditya29112005/medicore-pro-2,2025-06-25 12:23:38,0,2025-09-23
1008358565,BDStokenstest,LeoFdAguiar/BDStokenstest,https://github.com/LeoFdAguiar/BDStokenstest,2025-06-25 12:23:51,0,2025-09-23
1008358656,reviseroom-resources,Azr3al/reviseroom-resources,https://github.com/Azr3al/reviseroom-resources,2025-06-25 12:23:59,0,2025-09-23
1008358683,show-me-the-money,kireihumaira/show-me-the-money,https://github.com/kireihumaira/show-me-the-money,2025-06-25 12:24:04,0,2025-09-23
1008358793,TF-Aula15,Bruno3004/TF-Aula15,https://github.com/Bruno3004/TF-Aula15,2025-06-25 12:24:17,0,2025-09-23
1008358935,Bycard,Bycard01/Bycard,https://github.com/Bycard01/Bycard,2025-06-25 12:24:34,0,2025-09-23
1008359082,tlol3_dashboard,AsifCodeBank123/tlol3_dashboard,https://github.com/AsifCodeBank123/tlol3_dashboard,2025-06-25 12:24:49,0,2025-09-23
1008359107,WebApp,NazmulNote/WebApp,https://github.com/NazmulNote/WebApp,2025-06-25 12:24:52,0,2025-09-23
1008359234,diktera,gustavsvedung/diktera,https://github.com/gustavsvedung/diktera,2025-06-25 12:25:05,0,2025-09-23
1008359316,ETL-Warehouse-sql-java,LaibaBatool01/ETL-Warehouse-sql-java,https://github.com/LaibaBatool01/ETL-Warehouse-sql-java,2025-06-25 12:25:13,0,2025-09-23
1008359399,TTEST,PaingPainghein/TTEST,https://github.com/PaingPainghein/TTEST,2025-06-25 12:25:21,0,2025-09-23
1008359725,RewindZero,doldol2626/RewindZero,https://github.com/doldol2626/RewindZero,2025-06-25 12:25:55,0,2025-09-23
1008359764,concise-sales-reports,vazios/concise-sales-reports,https://github.com/vazios/concise-sales-reports,2025-06-25 12:26:00,0,2025-09-23
1008359951,flash_cards_2d,isaacVieira-mak/flash_cards_2d,https://github.com/isaacVieira-mak/flash_cards_2d,2025-06-25 12:26:18,0,2025-09-23
1008360009,rimi-w,rimi-w/rimi-w,https://github.com/rimi-w/rimi-w,2025-06-25 12:26:23,0,2025-09-23
1008360079,my_bot,Lancerruss/my_bot,https://github.com/Lancerruss/my_bot,2025-06-25 12:26:32,0,2025-09-23
1008360104,jlh-autopam-backend,steve57000/jlh-autopam-backend,https://github.com/steve57000/jlh-autopam-backend,2025-06-25 12:26:35,0,2025-09-23
1008360141,twitter-autobot,koyorboy/twitter-autobot,https://github.com/koyorboy/twitter-autobot,2025-06-25 12:26:38,0,2025-09-23
1008360173,healtcare_frontend,hajismshenga/healtcare_frontend,https://github.com/hajismshenga/healtcare_frontend,2025-06-25 12:26:41,0,2025-09-23
1008360307,bio-link,Teniksomja/bio-link,https://github.com/Teniksomja/bio-link,2025-06-25 12:26:54,0,2025-09-23
1008360654,super-heroes,KM-Playground/super-heroes,https://github.com/KM-Playground/super-heroes,2025-06-25 12:27:33,0,2025-09-23
1008360766,socialpjt,SocialWorkProgrammer/socialpjt,https://github.com/SocialWorkProgrammer/socialpjt,2025-06-25 12:27:46,0,2025-09-23
1008360982,FORK-BE,FORK-FE-BE/FORK-BE,https://github.com/FORK-FE-BE/FORK-BE,2025-06-25 12:28:09,0,2025-09-23
1008361042,odin-recipes,ochagirl/odin-recipes,https://github.com/ochagirl/odin-recipes,2025-06-25 12:28:16,0,2025-09-23
1008361235,personal-website,Xela96/personal-website,https://github.com/Xela96/personal-website,2025-06-25 12:28:37,0,2025-09-23
1008361381,learnrelease,nilsgstrabo/learnrelease,https://github.com/nilsgstrabo/learnrelease,2025-06-25 12:28:52,0,2025-09-23
1008361627,My-workspace-,JASWITHA-ATHIPATLA/My-workspace-,https://github.com/JASWITHA-ATHIPATLA/My-workspace-,2025-06-25 12:29:20,0,2025-09-23
1008361786,OA-Generator,shrutisaini01/OA-Generator,https://github.com/shrutisaini01/OA-Generator,2025-06-25 12:29:39,0,2025-09-23
1008362026,jet_dynamo,BindeshTripathi/jet_dynamo,https://github.com/BindeshTripathi/jet_dynamo,2025-06-25 12:30:08,0,2025-09-23
1008362090,ContactManagerAngular,clgoerk/ContactManagerAngular,https://github.com/clgoerk/ContactManagerAngular,2025-06-25 12:30:14,0,2025-09-23
1008362151,cursor_agent_test,aurb/cursor_agent_test,https://github.com/aurb/cursor_agent_test,2025-06-25 12:30:23,0,2025-09-23
1008362319,AFP3,ImARandom44/AFP3,https://github.com/ImARandom44/AFP3,2025-06-25 12:30:41,0,2025-09-23
1008362320,Design-Pattern,pangyeeshen23/Design-Pattern,https://github.com/pangyeeshen23/Design-Pattern,2025-06-25 12:30:41,0,2025-09-23
1008362349,recipe-maker,push-karrr/recipe-maker,https://github.com/push-karrr/recipe-maker,2025-06-25 12:30:44,0,2025-09-23
1008362386,mentorship-matching-platform,JPraiseOfficial/mentorship-matching-platform,https://github.com/JPraiseOfficial/mentorship-matching-platform,2025-06-25 12:30:48,0,2025-09-23
1008362617,asiana.se,jorins/asiana.se,https://github.com/jorins/asiana.se,2025-06-25 12:31:12,0,2025-09-23
1008362661,SQL_Practices,SARANGIVenkateshwarlu/SQL_Practices,https://github.com/SARANGIVenkateshwarlu/SQL_Practices,2025-06-25 12:31:16,0,2025-09-23
1008362848,skillchain,greejjddg09/skillchain,https://github.com/greejjddg09/skillchain,2025-06-25 12:31:37,0,2025-09-23
1008362853,nn,infomadagascar/nn,https://github.com/infomadagascar/nn,2025-06-25 12:31:37,0,2025-09-23
1008362956,configurator,Learn2RAG/configurator,https://github.com/Learn2RAG/configurator,2025-06-25 12:31:49,0,2025-09-23
1008363101,petaboo,ryo-3/petaboo,https://github.com/ryo-3/petaboo,2025-06-25 12:32:05,0,2025-09-23
1008363102,Drone-Detection-Using-DVS,EvyLev/Drone-Detection-Using-DVS,https://github.com/EvyLev/Drone-Detection-Using-DVS,2025-06-25 12:32:05,0,2025-09-23
1008363137,OC_Events_RAG_API,cyrilleelie/OC_Events_RAG_API,https://github.com/cyrilleelie/OC_Events_RAG_API,2025-06-25 12:32:09,0,2025-09-23
1008363271,lms_backend,mikeshumkin13/lms_backend,https://github.com/mikeshumkin13/lms_backend,2025-06-25 12:32:26,0,2025-09-23
1008364048,next_pos,JudeTulel/next_pos,https://github.com/JudeTulel/next_pos,2025-06-25 12:33:58,0,2025-09-23
1008364445,Library_management,20024/Library_management,https://github.com/20024/Library_management,2025-06-25 12:34:40,0,2025-09-23
1008364457,next-js_project-movie,aleks1303/next-js_project-movie,https://github.com/aleks1303/next-js_project-movie,2025-06-25 12:34:41,0,2025-09-23
1008364618,nas-prototype-backend,julap99/nas-prototype-backend,https://github.com/julap99/nas-prototype-backend,2025-06-25 12:34:59,0,2025-09-23
1008364792,Emergent,Hexya/Emergent,https://github.com/Hexya/Emergent,2025-06-25 12:35:15,0,2025-09-23
1008364796,pdf-split-tool,HuzaifaIrfan-Desktop/pdf-split-tool,https://github.com/HuzaifaIrfan-Desktop/pdf-split-tool,2025-06-25 12:35:16,0,2025-09-23
1008364921,TradingBot,sourabhsingh02/TradingBot,https://github.com/sourabhsingh02/TradingBot,2025-06-25 12:35:31,0,2025-09-23
1008364992,cli-ai-agent,levani-b/cli-ai-agent,https://github.com/levani-b/cli-ai-agent,2025-06-25 12:35:38,0,2025-09-23
1008365111,bhagavat_gita,harshitagawas/bhagavat_gita,https://github.com/harshitagawas/bhagavat_gita,2025-06-25 12:35:50,0,2025-09-23
1008365161,Learning,Shubhankar1211/Learning,https://github.com/Shubhankar1211/Learning,2025-06-25 12:35:57,0,2025-09-23
1008365267,gredex,pleiad/gredex,https://github.com/pleiad/gredex,2025-06-25 12:36:11,0,2025-09-23
1008365279,USTUDY_CONTRACT_2,temuralidavron/USTUDY_CONTRACT_2,https://github.com/temuralidavron/USTUDY_CONTRACT_2,2025-06-25 12:36:12,0,2025-09-23
1008365505,nvim_config,rhoP/nvim_config,https://github.com/rhoP/nvim_config,2025-06-25 12:36:40,0,2025-09-23
1008365513,Mine-Sweeper1,Itaish-Bzu/Mine-Sweeper1,https://github.com/Itaish-Bzu/Mine-Sweeper1,2025-06-25 12:36:41,0,2025-09-23
1008365866,Lovely-Associates,ManpreetSingh18/Lovely-Associates,https://github.com/ManpreetSingh18/Lovely-Associates,2025-06-25 12:37:17,0,2025-09-23
1008366082,master-hefe,orjahren/master-hefe,https://github.com/orjahren/master-hefe,2025-06-25 12:37:39,0,2025-09-23
1008366280,SRIL_Lab,WaiYan270101/SRIL_Lab,https://github.com/WaiYan270101/SRIL_Lab,2025-06-25 12:37:58,0,2025-09-23
1008366337,shiftmate,Carmelo85S/shiftmate,https://github.com/Carmelo85S/shiftmate,2025-06-25 12:38:04,0,2025-09-23
1008366943,soenneker.sevenzip.runner,soenneker/soenneker.sevenzip.runner,https://github.com/soenneker/soenneker.sevenzip.runner,2025-06-25 12:39:07,0,2025-09-23
1008367959,EliasStoffels.github.io,EliasStoffels/EliasStoffels.github.io,https://github.com/EliasStoffels/EliasStoffels.github.io,2025-06-25 12:40:59,0,2025-09-23
1008368001,FakeSchoolData,Aymane170/FakeSchoolData,https://github.com/Aymane170/FakeSchoolData,2025-06-25 12:41:04,0,2025-09-23
1008368006,jyoti_psd25_07007,Jyoti-coder1/jyoti_psd25_07007,https://github.com/Jyoti-coder1/jyoti_psd25_07007,2025-06-25 12:41:05,0,2025-09-23
1008368799,week-38-schedule,fu-ux-ui-fe25/week-38-schedule,https://github.com/fu-ux-ui-fe25/week-38-schedule,2025-06-25 12:42:34,0,2025-09-23
1008369344,meter-bill-frontend,Kingsley31/meter-bill-frontend,https://github.com/Kingsley31/meter-bill-frontend,2025-06-25 12:43:34,0,2025-09-23
1008369731,bc-businessforecast-bottomup,jstettnerbc/bc-businessforecast-bottomup,https://github.com/jstettnerbc/bc-businessforecast-bottomup,2025-06-25 12:44:17,0,2025-09-23
1008369985,myboard-note-taking-app,dassel-avg-dev/myboard-note-taking-app,https://github.com/dassel-avg-dev/myboard-note-taking-app,2025-06-25 12:44:45,0,2025-09-23
1008370059,Banking-Management-System,Kirtan-2193/Banking-Management-System,https://github.com/Kirtan-2193/Banking-Management-System,2025-06-25 12:44:54,0,2025-09-23
1008370174,Qspiders_Java_Full_Stack,Rakshanshetty1339/Qspiders_Java_Full_Stack,https://github.com/Rakshanshetty1339/Qspiders_Java_Full_Stack,2025-06-25 12:45:08,0,2025-09-23
1008370296,cardapio-digital,ArthurDuarte77/cardapio-digital,https://github.com/ArthurDuarte77/cardapio-digital,2025-06-25 12:45:21,0,2025-09-23
1008370552,adme_multitask,PeerHan/adme_multitask,https://github.com/PeerHan/adme_multitask,2025-06-25 12:45:51,0,2025-09-23
1008370673,FoodieFinder,Nirbhay12121/FoodieFinder,https://github.com/Nirbhay12121/FoodieFinder,2025-06-25 12:46:05,0,2025-09-23
1008370857,Blog-App,ojaswane/Blog-App,https://github.com/ojaswane/Blog-App,2025-06-25 12:46:25,0,2025-09-23
1008371128,Software-Development,Arthovan/Software-Development,https://github.com/Arthovan/Software-Development,2025-06-25 12:46:57,0,2025-09-23
1008371624,Library-Management-System,diego-kopaladze/Library-Management-System,https://github.com/diego-kopaladze/Library-Management-System,2025-06-25 12:47:49,0,2025-09-23
1008372255,UAV-Semantic-Segmentation-on-Embedded-System,kamuisi/UAV-Semantic-Segmentation-on-Embedded-System,https://github.com/kamuisi/UAV-Semantic-Segmentation-on-Embedded-System,2025-06-25 12:48:55,0,2025-09-23
1008372551,kronos-app-mobile,Systems-Kronos/kronos-app-mobile,https://github.com/Systems-Kronos/kronos-app-mobile,2025-06-25 12:49:27,0,2025-09-23
1008372713,IFRS,FernandoHaeser/IFRS,https://github.com/FernandoHaeser/IFRS,2025-06-25 12:49:46,0,2025-09-23
1008372745,Research-Paper-Insights,Coolcoder009/Research-Paper-Insights,https://github.com/Coolcoder009/Research-Paper-Insights,2025-06-25 12:49:49,0,2025-09-23
1008372841,Food-Expiry-Tracker-A-11,rkzahidhassandipu/Food-Expiry-Tracker-A-11,https://github.com/rkzahidhassandipu/Food-Expiry-Tracker-A-11,2025-06-25 12:49:59,0,2025-09-23
1008373047,konstrukt-portfolio-vision,krawc/konstrukt-portfolio-vision,https://github.com/krawc/konstrukt-portfolio-vision,2025-06-25 12:50:22,0,2025-09-23
1008373778,ajeeth-vellore.github.io,Ajeeth-Vellore/ajeeth-vellore.github.io,https://github.com/Ajeeth-Vellore/ajeeth-vellore.github.io,2025-06-25 12:51:45,0,2025-09-23
1008373821,cscs_web,AurasoftEnzo/cscs_web,https://github.com/AurasoftEnzo/cscs_web,2025-06-25 12:51:51,0,2025-09-23
1008374205,Java-For-Cemil,BIGBOSS019/Java-For-Cemil,https://github.com/BIGBOSS019/Java-For-Cemil,2025-06-25 12:52:35,0,2025-09-23
1008374229,rakalt.github.io,Rakalt/rakalt.github.io,https://github.com/Rakalt/rakalt.github.io,2025-06-25 12:52:38,0,2025-09-23
1008374646,EduTen-Cloning-Udemy-,blackcross7/EduTen-Cloning-Udemy-,https://github.com/blackcross7/EduTen-Cloning-Udemy-,2025-06-25 12:53:29,0,2025-09-23
1008374798,XaminityIQ-Server,sanjaikannang/XaminityIQ-Server,https://github.com/sanjaikannang/XaminityIQ-Server,2025-06-25 12:53:46,0,2025-09-23
1008374996,XaminityIQ-Client,sanjaikannang/XaminityIQ-Client,https://github.com/sanjaikannang/XaminityIQ-Client,2025-06-25 12:54:08,0,2025-09-23
1008375208,Thesaurus,Jessy1590/Thesaurus,https://github.com/Jessy1590/Thesaurus,2025-06-25 12:54:34,0,2025-09-23
1008375569,line-app-minimal,Rio2Ryo/line-app-minimal,https://github.com/Rio2Ryo/line-app-minimal,2025-06-25 12:55:14,0,2025-09-23
1008375660,Mini-Competition,LeGusto/Mini-Competition,https://github.com/LeGusto/Mini-Competition,2025-06-25 12:55:26,0,2025-09-23
1008375987,platform-android,bryantaolong/platform-android,https://github.com/bryantaolong/platform-android,2025-06-25 12:56:00,0,2025-09-23
1008376240,student-manage-app,SHP-0701/student-manage-app,https://github.com/SHP-0701/student-manage-app,2025-06-25 12:56:28,0,2025-09-23
1008376651,MAmmaddudin,MAmmaddudin/MAmmaddudin,https://github.com/MAmmaddudin/MAmmaddudin,2025-06-25 12:57:14,0,2025-09-23
1008376716,nix-conf,wiyris/nix-conf,https://github.com/wiyris/nix-conf,2025-06-25 12:57:20,0,2025-09-23
1008377015,Abena-Effirima-Ocran,OcranEffirima06/Abena-Effirima-Ocran,https://github.com/OcranEffirima06/Abena-Effirima-Ocran,2025-06-25 12:57:51,0,2025-09-23
1008377123,Tennis-ML-Internship,clmgn/Tennis-ML-Internship,https://github.com/clmgn/Tennis-ML-Internship,2025-06-25 12:58:01,0,2025-09-23
1008377582,lvynote.github.io,lvy010/lvynote.github.io,https://github.com/lvy010/lvynote.github.io,2025-06-25 12:58:51,0,2025-09-23
1008378156,Os-python,karthick-frontend-developer/Os-python,https://github.com/karthick-frontend-developer/Os-python,2025-06-25 12:59:53,0,2025-09-23
1049054788,tareen-table,ali80da/tareen-table,https://github.com/ali80da/tareen-table,2025-09-02 12:25:29,0,2025-09-23
1049059522,ProjetoEngenharia,borgeslais/ProjetoEngenharia,https://github.com/borgeslais/ProjetoEngenharia,2025-09-02 12:33:19,0,2025-09-23
1049063057,Learning-Haskell,Nima52/Learning-Haskell,https://github.com/Nima52/Learning-Haskell,2025-09-02 12:39:27,0,2025-09-23
1057933306,yandex_hh,FemixGH/yandex_hh,https://github.com/FemixGH/yandex_hh,2025-09-16 12:00:09,0,2025-09-23
1057933580,jurnee,Zimmer550i/jurnee,https://github.com/Zimmer550i/jurnee,2025-09-16 12:00:33,0,2025-09-23
1057933594,Tech-Radar,FatihHayyar/Tech-Radar,https://github.com/FatihHayyar/Tech-Radar,2025-09-16 12:00:34,0,2025-09-23
1057934063,human_rhythms,eamonmail-cyber/human_rhythms,https://github.com/eamonmail-cyber/human_rhythms,2025-09-16 12:01:24,0,2025-09-23
1057934269,siebi,elitecgh/siebi,https://github.com/elitecgh/siebi,2025-09-16 12:01:46,0,2025-09-23
1057934787,atcoder_daily_training,ogawa-tomo/atcoder_daily_training,https://github.com/ogawa-tomo/atcoder_daily_training,2025-09-16 12:02:29,0,2025-09-23
1057935349,filler,RuBoMa/filler,https://github.com/RuBoMa/filler,2025-09-16 12:03:10,0,2025-09-23
1057935552,sustrecha,d0kuzu/sustrecha,https://github.com/d0kuzu/sustrecha,2025-09-16 12:03:24,0,2025-09-23
1057936098,saba-v2,NatiSami21/saba-v2,https://github.com/NatiSami21/saba-v2,2025-09-16 12:04:17,0,2025-09-23
1057936264,test3,Kim-Cheol-Eung/test3,https://github.com/Kim-Cheol-Eung/test3,2025-09-16 12:04:31,0,2025-09-23
1057936842,Seminar4,Wochozka/Seminar4,https://github.com/Wochozka/Seminar4,2025-09-16 12:05:25,0,2025-09-23
1057936844,Seminar,tondablaza/Seminar,https://github.com/tondablaza/Seminar,2025-09-16 12:05:26,0,2025-09-23
1057936847,Seminar4,vavrinecsustr/Seminar4,https://github.com/vavrinecsustr/Seminar4,2025-09-16 12:05:26,0,2025-09-23
1057936857,semprogokt,Vojtik1155/semprogokt,https://github.com/Vojtik1155/semprogokt,2025-09-16 12:05:27,0,2025-09-23
1057936859,Seminarprg,kajaishere/Seminarprg,https://github.com/kajaishere/Seminarprg,2025-09-16 12:05:27,0,2025-09-23
1057936861,seminar-prg,zcb00m/seminar-prg,https://github.com/zcb00m/seminar-prg,2025-09-16 12:05:27,0,2025-09-23
1057936862,seminar4,alexanderfischer-source/seminar4,https://github.com/alexanderfischer-source/seminar4,2025-09-16 12:05:27,0,2025-09-23
1057936900,seminarprogramovani,denizgunesgit/seminarprogramovani,https://github.com/denizgunesgit/seminarprogramovani,2025-09-16 12:05:30,0,2025-09-23
1057936907,seminar-programovani,Hans0112343/seminar-programovani,https://github.com/Hans0112343/seminar-programovani,2025-09-16 12:05:30,0,2025-09-23
1057936988,Seminar-ICT,Agent-Jalovec/Seminar-ICT,https://github.com/Agent-Jalovec/Seminar-ICT,2025-09-16 12:05:39,0,2025-09-23
1057937019,OportunyFam-Front-end,moh4b-z/OportunyFam-Front-end,https://github.com/moh4b-z/OportunyFam-Front-end,2025-09-16 12:05:42,0,2025-09-23
1057937274,girls-secrets,Mobile-Boost/girls-secrets,https://github.com/Mobile-Boost/girls-secrets,2025-09-16 12:06:07,0,2025-09-23
1057937748,af-friendchat-dating-app,Deepak1999/af-friendchat-dating-app,https://github.com/Deepak1999/af-friendchat-dating-app,2025-09-16 12:06:52,0,2025-09-23
1057937797,000-agile,nicoduflot/000-agile,https://github.com/nicoduflot/000-agile,2025-09-16 12:06:57,0,2025-09-23
1057938413,DI2526,caarmeencv/DI2526,https://github.com/caarmeencv/DI2526,2025-09-16 12:07:57,0,2025-09-23
1057938527,Semin-Prg,AllGrip/Semin-Prg,https://github.com/AllGrip/Semin-Prg,2025-09-16 12:08:07,0,2025-09-23
1057938585,MIST4610-project1-,ank1234538/MIST4610-project1-,https://github.com/ank1234538/MIST4610-project1-,2025-09-16 12:08:13,0,2025-09-23
1057938883,Vetores-Matrizes,fgbrxno/Vetores-Matrizes,https://github.com/fgbrxno/Vetores-Matrizes,2025-09-16 12:08:42,0,2025-09-23
1057939389,CSS,gouthamvs11/CSS,https://github.com/gouthamvs11/CSS,2025-09-16 12:09:31,0,2025-09-23
1057939663,opensearch-operator,reclaim-the-stack/opensearch-operator,https://github.com/reclaim-the-stack/opensearch-operator,2025-09-16 12:09:57,0,2025-09-23
1057939787,Project_portfolio,Yashasvi25Sharma/Project_portfolio,https://github.com/Yashasvi25Sharma/Project_portfolio,2025-09-16 12:10:10,0,2025-09-23
1057941053,mini-project,cbms26/mini-project,https://github.com/cbms26/mini-project,2025-09-16 12:12:24,0,2025-09-23
1057941323,MF,Solucoes-De-Marketing/MF,https://github.com/Solucoes-De-Marketing/MF,2025-09-16 12:12:52,0,2025-09-23
1057941358,lab01OOP,OlekKindr/lab01OOP,https://github.com/OlekKindr/lab01OOP,2025-09-16 12:12:58,0,2025-09-23
1057941508,C-.,anonymoususer386/C-.,https://github.com/anonymoususer386/C-.,2025-09-16 12:13:14,0,2025-09-23
1057941643,repositori_avante,Monixe/repositori_avante,https://github.com/Monixe/repositori_avante,2025-09-16 12:13:27,0,2025-09-23
1057941748,Seminar4,JanZila/Seminar4,https://github.com/JanZila/Seminar4,2025-09-16 12:13:36,0,2025-09-23
1057942023,Learning-React,shahzaibzaman567/Learning-React,https://github.com/shahzaibzaman567/Learning-React,2025-09-16 12:14:02,0,2025-09-23
1057943105,pixel2-prospect,Kalp830/pixel2-prospect,https://github.com/Kalp830/pixel2-prospect,2025-09-16 12:15:50,0,2025-09-23
1057945331,420-5G4-devcontainercpp-AI-ProjetFinal,TrillionAntsInASuit/420-5G4-devcontainercpp-AI-ProjetFinal,https://github.com/TrillionAntsInASuit/420-5G4-devcontainercpp-AI-ProjetFinal,2025-09-16 12:19:39,0,2025-09-23
1057946344,Baby-Steps-Multiplayer-Mod-Server,caleborchard/Baby-Steps-Multiplayer-Mod-Server,https://github.com/caleborchard/Baby-Steps-Multiplayer-Mod-Server,2025-09-16 12:21:20,0,2025-09-23
1057947052,melanies_smoothies,SarahNhl/melanies_smoothies,https://github.com/SarahNhl/melanies_smoothies,2025-09-16 12:22:27,0,2025-09-23
1057947556,AMSI_PROJSI_SISIS_PLATSI,Gugas749/AMSI_PROJSI_SISIS_PLATSI,https://github.com/Gugas749/AMSI_PROJSI_SISIS_PLATSI,2025-09-16 12:23:13,0,2025-09-23
1057947869,Cybersecurite-Analyse-des-protocoles-proprietaire-sub-1-GHz.,LRaVe/Cybersecurite-Analyse-des-protocoles-proprietaire-sub-1-GHz.,https://github.com/LRaVe/Cybersecurite-Analyse-des-protocoles-proprietaire-sub-1-GHz.,2025-09-16 12:23:41,0,2025-09-23
1057948347,DWES,hmarmar504/DWES,https://github.com/hmarmar504/DWES,2025-09-16 12:24:28,0,2025-09-23
1057949132,css,Nidhivvkurup/css,https://github.com/Nidhivvkurup/css,2025-09-16 12:25:41,0,2025-09-23
1057949447,Elen-Lavr,Elen-Lavr/Elen-Lavr,https://github.com/Elen-Lavr/Elen-Lavr,2025-09-16 12:26:12,0,2025-09-23
1057949598,rpi,Novikov-Ilia/rpi,https://github.com/Novikov-Ilia/rpi,2025-09-16 12:26:27,0,2025-09-23
1057950143,gongluejihua,xiangxiran712-code/gongluejihua,https://github.com/xiangxiran712-code/gongluejihua,2025-09-16 12:27:21,0,2025-09-23
1057950159,han,Kim-Cheol-Eung/han,https://github.com/Kim-Cheol-Eung/han,2025-09-16 12:27:23,0,2025-09-23
1057950521,2526_Projet2A_FlipperFlipper,LNauiz/2526_Projet2A_FlipperFlipper,https://github.com/LNauiz/2526_Projet2A_FlipperFlipper,2025-09-16 12:27:57,0,2025-09-23
1057950607,Shader,erickrapha/Shader,https://github.com/erickrapha/Shader,2025-09-16 12:28:04,0,2025-09-23
1057950973,Ejab-Group,Naimul-Islam20/Ejab-Group,https://github.com/Naimul-Islam20/Ejab-Group,2025-09-16 12:28:40,0,2025-09-23
1057951082,WebProject,jonamustafa777/WebProject,https://github.com/jonamustafa777/WebProject,2025-09-16 12:28:51,0,2025-09-23
1057951358,new-weather-app,mrvicthor/new-weather-app,https://github.com/mrvicthor/new-weather-app,2025-09-16 12:29:18,0,2025-09-23
1057951704,python-Practice,MANISHKAVAIYA/python-Practice,https://github.com/MANISHKAVAIYA/python-Practice,2025-09-16 12:29:51,0,2025-09-23
1057952462,Esign_Project,abhirup2565/Esign_Project,https://github.com/abhirup2565/Esign_Project,2025-09-16 12:31:07,0,2025-09-23
1057952638,CleanArchitecture-AspNetCore,emreetumer/CleanArchitecture-AspNetCore,https://github.com/emreetumer/CleanArchitecture-AspNetCore,2025-09-16 12:31:27,0,2025-09-23
1057953248,D60N8oh4Y,NIkOl02646AI/D60N8oh4Y,https://github.com/NIkOl02646AI/D60N8oh4Y,2025-09-16 12:32:23,0,2025-09-23
1057954750,premier-pas-java-script,tasnimesahli/premier-pas-java-script,https://github.com/tasnimesahli/premier-pas-java-script,2025-09-16 12:34:50,0,2025-09-23
1057955433,soma,ChiriKamau/soma,https://github.com/ChiriKamau/soma,2025-09-16 12:35:59,0,2025-09-23
1057955867,FitPulse-Health-Anomaly-Detection,Sneha851/FitPulse-Health-Anomaly-Detection,https://github.com/Sneha851/FitPulse-Health-Anomaly-Detection,2025-09-16 12:36:43,0,2025-09-23
1057956645,ParkSpotTLV,gwchar2/ParkSpotTLV,https://github.com/gwchar2/ParkSpotTLV,2025-09-16 12:37:58,0,2025-09-23
1057956704,chess-platform,SrdjanVisnjic/chess-platform,https://github.com/SrdjanVisnjic/chess-platform,2025-09-16 12:38:06,0,2025-09-23
1057956956,gpio2repo,makarov-lluyxa/gpio2repo,https://github.com/makarov-lluyxa/gpio2repo,2025-09-16 12:38:30,0,2025-09-23
1057957317,minipaquete,maelle/minipaquete,https://github.com/maelle/minipaquete,2025-09-16 12:39:05,0,2025-09-23
1057957930,2025-SeniorProject,JackPur/2025-SeniorProject,https://github.com/JackPur/2025-SeniorProject,2025-09-16 12:40:04,0,2025-09-23
1057958100,ETZ_Backend,KurtEmir/ETZ_Backend,https://github.com/KurtEmir/ETZ_Backend,2025-09-16 12:40:19,0,2025-09-23
1057958155,soccer_training_app,kakazuomi-svg/soccer_training_app,https://github.com/kakazuomi-svg/soccer_training_app,2025-09-16 12:40:24,0,2025-09-23
1057958272,gestao_cursos,JPSSmaths/gestao_cursos,https://github.com/JPSSmaths/gestao_cursos,2025-09-16 12:40:35,0,2025-09-23
1057958746,RTOS-course,edarko265/RTOS-course,https://github.com/edarko265/RTOS-course,2025-09-16 12:41:17,0,2025-09-23
1057958906,PA-3,Terrence-Angostora/PA-3,https://github.com/Terrence-Angostora/PA-3,2025-09-16 12:41:34,0,2025-09-23
1057958930,recon,r-vasista/recon,https://github.com/r-vasista/recon,2025-09-16 12:41:37,0,2025-09-23
1057958978,Proyek-3,Hanif13579/Proyek-3,https://github.com/Hanif13579/Proyek-3,2025-09-16 12:41:41,0,2025-09-23
1057958999,POO-STREAMLIT,Carlos-Danilo/POO-STREAMLIT,https://github.com/Carlos-Danilo/POO-STREAMLIT,2025-09-16 12:41:42,0,2025-09-23
1057960014,Programa-oWebIFB,SamuelSouzaSantos/Programa-oWebIFB,https://github.com/SamuelSouzaSantos/Programa-oWebIFB,2025-09-16 12:43:20,0,2025-09-23
1057960586,3Jogos,Mirellaribeiro30/3Jogos,https://github.com/Mirellaribeiro30/3Jogos,2025-09-16 12:44:13,0,2025-09-23
1057961098,StuAlum,Devasiya/StuAlum,https://github.com/Devasiya/StuAlum,2025-09-16 12:45:03,0,2025-09-23
1057961162,Game,shero2308/Game,https://github.com/shero2308/Game,2025-09-16 12:45:10,0,2025-09-23
1057961600,domainsafe-pages,Pankaj20122024/domainsafe-pages,https://github.com/Pankaj20122024/domainsafe-pages,2025-09-16 12:45:52,0,2025-09-23
1057961878,PyTorch-RNN-TimeSeries-Bikes,ash1ra/PyTorch-RNN-TimeSeries-Bikes,https://github.com/ash1ra/PyTorch-RNN-TimeSeries-Bikes,2025-09-16 12:46:16,0,2025-09-23
1057963689,PostTest-2-PBO-Dilla,dillamhrn/PostTest-2-PBO-Dilla,https://github.com/dillamhrn/PostTest-2-PBO-Dilla,2025-09-16 12:49:04,0,2025-09-23
1057963846,Webseite,AresCodes01/Webseite,https://github.com/AresCodes01/Webseite,2025-09-16 12:49:19,0,2025-09-23
1057964533,BuildNest,thotogelomankwe99/BuildNest,https://github.com/thotogelomankwe99/BuildNest,2025-09-16 12:50:24,0,2025-09-23
1057965190,SQL-data-cleaning,TuanNguyenDin/SQL-data-cleaning,https://github.com/TuanNguyenDin/SQL-data-cleaning,2025-09-16 12:51:31,0,2025-09-23
1057965362,25-1654,oumamainaj-dev/25-1654,https://github.com/oumamainaj-dev/25-1654,2025-09-16 12:51:47,0,2025-09-23
1057965692,urban_training,Bapnuong/urban_training,https://github.com/Bapnuong/urban_training,2025-09-16 12:52:16,0,2025-09-23
1057967025,PongSolo,MaelLecapitaine/PongSolo,https://github.com/MaelLecapitaine/PongSolo,2025-09-16 12:54:32,0,2025-09-23
1057967477,openThalis,openThalis/openThalis,https://github.com/openThalis/openThalis,2025-09-16 12:55:11,0,2025-09-23
1057968386,DifferEqSolver,deyme17/DifferEqSolver,https://github.com/deyme17/DifferEqSolver,2025-09-16 12:56:40,0,2025-09-23
1057969548,coding-club-intro-computing-history,Brickmaster1/coding-club-intro-computing-history,https://github.com/Brickmaster1/coding-club-intro-computing-history,2025-09-16 12:58:32,0,2025-09-23
1057969667,discord-bot-framework,leonardomurakami/discord-bot-framework,https://github.com/leonardomurakami/discord-bot-framework,2025-09-16 12:58:44,0,2025-09-23
1057970382,hrclassicevents,sreenatgh4757/hrclassicevents,https://github.com/sreenatgh4757/hrclassicevents,2025-09-16 12:59:51,0,2025-09-23
1059409520,ngr-review-frontend,hmrc/ngr-review-frontend,https://github.com/hmrc/ngr-review-frontend,2025-09-18 12:06:48,0,2025-09-23
1059419234,s3-to-snowflake-copy,mayankgulaty/s3-to-snowflake-copy,https://github.com/mayankgulaty/s3-to-snowflake-copy,2025-09-18 12:22:02,0,2025-09-23
1059431060,to,Alexandervt8/to,https://github.com/Alexandervt8/to,2025-09-18 12:41:06,0,2025-09-23
1060131392,Hierarchical-Clustering-Analysis-Wine,Rainsh724/Hierarchical-Clustering-Analysis-Wine,https://github.com/Rainsh724/Hierarchical-Clustering-Analysis-Wine,2025-09-19 12:35:53,0,2025-09-23
1060134981,flight-delay-prediction,elaxolotl/flight-delay-prediction,https://github.com/elaxolotl/flight-delay-prediction,2025-09-19 12:42:19,0,2025-09-23
1061177820,estoque-mobile-v1,Pericles-Estoico/estoque-mobile-v1,https://github.com/Pericles-Estoico/estoque-mobile-v1,2025-09-21 12:01:23,0,2025-09-23
1061177867,gitadesign.github.io,gitadesign/gitadesign.github.io,https://github.com/gitadesign/gitadesign.github.io,2025-09-21 12:01:32,0,2025-09-23
1061178171,FA,SushantAzad/FA,https://github.com/SushantAzad/FA,2025-09-21 12:02:10,0,2025-09-23
1061178379,2570911-six-cities-5,htmlacademy-univer-nodejs-1/2570911-six-cities-5,https://github.com/htmlacademy-univer-nodejs-1/2570911-six-cities-5,2025-09-21 12:02:33,0,2025-09-23
1061178428,Home,DLYQC/Home,https://github.com/DLYQC/Home,2025-09-21 12:02:40,0,2025-09-23
1061178715,IST-PHP-BLOG-APP,Dev-Din/IST-PHP-BLOG-APP,https://github.com/Dev-Din/IST-PHP-BLOG-APP,2025-09-21 12:03:09,0,2025-09-23
1061178781,Projet-Algo,jamesD-M/Projet-Algo,https://github.com/jamesD-M/Projet-Algo,2025-09-21 12:03:14,0,2025-09-23
1061178861,vite-indoor-cycling,Anne-Zwift/vite-indoor-cycling,https://github.com/Anne-Zwift/vite-indoor-cycling,2025-09-21 12:03:26,0,2025-09-23
1061178912,blended-js,Volodymyr-UA-1/blended-js,https://github.com/Volodymyr-UA-1/blended-js,2025-09-21 12:03:31,0,2025-09-23
1061180159,My_First_Portfolio,Jesh-samso/My_First_Portfolio,https://github.com/Jesh-samso/My_First_Portfolio,2025-09-21 12:06:43,0,2025-09-23
1061180563,Bank-project,shouqv/Bank-project,https://github.com/shouqv/Bank-project,2025-09-21 12:07:43,0,2025-09-23
1061180674,Weather-App,Rajat-Sharma05/Weather-App,https://github.com/Rajat-Sharma05/Weather-App,2025-09-21 12:07:59,0,2025-09-23
1061180757,codex-apc,macinations-au/codex-apc,https://github.com/macinations-au/codex-apc,2025-09-21 12:08:13,0,2025-09-23
1061180810,immortalwrt,whzhni1/immortalwrt,https://github.com/whzhni1/immortalwrt,2025-09-21 12:08:20,0,2025-09-23
1061180898,Quiz-game,tejaswi492000/Quiz-game,https://github.com/tejaswi492000/Quiz-game,2025-09-21 12:08:31,0,2025-09-23
1061180980,calendar-cli,Michal2404/calendar-cli,https://github.com/Michal2404/calendar-cli,2025-09-21 12:08:45,0,2025-09-23
1061181330,Banking-System,RamaKhalid/Banking-System,https://github.com/RamaKhalid/Banking-System,2025-09-21 12:09:40,0,2025-09-23
1061181478,Solo-Traveler-App,Rajat-Sharma05/Solo-Traveler-App,https://github.com/Rajat-Sharma05/Solo-Traveler-App,2025-09-21 12:10:03,0,2025-09-23
1061181637,my-dictation-page,glidepad6000/my-dictation-page,https://github.com/glidepad6000/my-dictation-page,2025-09-21 12:10:27,0,2025-09-23
1061181681,fleettrack,Sizwe780/fleettrack,https://github.com/Sizwe780/fleettrack,2025-09-21 12:10:32,0,2025-09-23
1061181786,xxxl,cangjingkong666/xxxl,https://github.com/cangjingkong666/xxxl,2025-09-21 12:10:47,0,2025-09-23
1061182324,Mombasa-Mobile-App,eltonkaiton/Mombasa-Mobile-App,https://github.com/eltonkaiton/Mombasa-Mobile-App,2025-09-21 12:12:09,0,2025-09-23
1061182673,react-native-real-estate-app,MHalemDEV2024/react-native-real-estate-app,https://github.com/MHalemDEV2024/react-native-real-estate-app,2025-09-21 12:13:05,0,2025-09-23
1061182818,ASSETS,odin6900/ASSETS,https://github.com/odin6900/ASSETS,2025-09-21 12:13:27,0,2025-09-23
1061183058,jahadchecker,jazijazi/jahadchecker,https://github.com/jazijazi/jahadchecker,2025-09-21 12:13:55,0,2025-09-23
1061183287,app,Boysona/app,https://github.com/Boysona/app,2025-09-21 12:14:30,0,2025-09-23
1061183377,student-performance-app-,Hardik795/student-performance-app-,https://github.com/Hardik795/student-performance-app-,2025-09-21 12:14:45,0,2025-09-23
1061183728,peas,indraasura/peas,https://github.com/indraasura/peas,2025-09-21 12:15:42,0,2025-09-23
1061183880,localrepo,DhirajKumar29-DK/localrepo,https://github.com/DhirajKumar29-DK/localrepo,2025-09-21 12:16:06,0,2025-09-23
1061183943,smc-scanner,karaaliissa/smc-scanner,https://github.com/karaaliissa/smc-scanner,2025-09-21 12:16:16,0,2025-09-23
1061184113,location_app,gamcho3/location_app,https://github.com/gamcho3/location_app,2025-09-21 12:16:38,0,2025-09-23
1061184484,my-village,Saurabh7238/my-village,https://github.com/Saurabh7238/my-village,2025-09-21 12:17:33,0,2025-09-23
1061185162,practx-io,rdennis125-personal/practx-io,https://github.com/rdennis125-personal/practx-io,2025-09-21 12:19:11,0,2025-09-23
1061185282,todo-generator,ist-h-i/todo-generator,https://github.com/ist-h-i/todo-generator,2025-09-21 12:19:31,0,2025-09-23
1061185468,contextmemory,cloudygreybeard/contextmemory,https://github.com/cloudygreybeard/contextmemory,2025-09-21 12:20:02,0,2025-09-23
1061185597,GestionInnoRov,Myanex/GestionInnoRov,https://github.com/Myanex/GestionInnoRov,2025-09-21 12:20:22,0,2025-09-23
1061185827,cartzy-app,shahdrabia/cartzy-app,https://github.com/shahdrabia/cartzy-app,2025-09-21 12:21:00,0,2025-09-23
1061186021,apayao,karentuguinaybogbog/apayao,https://github.com/karentuguinaybogbog/apayao,2025-09-21 12:21:32,0,2025-09-23
1061186073,signal-bot,relaxationvid13/signal-bot,https://github.com/relaxationvid13/signal-bot,2025-09-21 12:21:39,0,2025-09-23
1061186080,auth-app,SamyShaawat/auth-app,https://github.com/SamyShaawat/auth-app,2025-09-21 12:21:40,0,2025-09-23
1061186330,Weather,HritikaBhattarai/Weather,https://github.com/HritikaBhattarai/Weather,2025-09-21 12:22:20,0,2025-09-23
1061186415,Coding-Assignment-EKS,praysap/Coding-Assignment-EKS,https://github.com/praysap/Coding-Assignment-EKS,2025-09-21 12:22:34,0,2025-09-23
1061186826,product-list-with-cart-fm,lozukka/product-list-with-cart-fm,https://github.com/lozukka/product-list-with-cart-fm,2025-09-21 12:23:34,0,2025-09-23
1061186923,euroform,leoneikm/euroform,https://github.com/leoneikm/euroform,2025-09-21 12:23:47,0,2025-09-23
1061187687,python-basic-kadai,mikako0307/python-basic-kadai,https://github.com/mikako0307/python-basic-kadai,2025-09-21 12:25:38,0,2025-09-23
1061187700,code-showcase-studio,pemrogrammer/code-showcase-studio,https://github.com/pemrogrammer/code-showcase-studio,2025-09-21 12:25:39,0,2025-09-23
1061187867,Dynamic-Weather-Dashboard1,bharathshetty29120/Dynamic-Weather-Dashboard1,https://github.com/bharathshetty29120/Dynamic-Weather-Dashboard1,2025-09-21 12:26:07,0,2025-09-23
1061188475,termux-packages-copy,vhqtvn/termux-packages-copy,https://github.com/vhqtvn/termux-packages-copy,2025-09-21 12:27:41,0,2025-09-23
1061188550,leetCode-solutions,deepakkhicher/leetCode-solutions,https://github.com/deepakkhicher/leetCode-solutions,2025-09-21 12:27:54,0,2025-09-23
1061188779,rn-supa-todo,dselimozcelik/rn-supa-todo,https://github.com/dselimozcelik/rn-supa-todo,2025-09-21 12:28:29,0,2025-09-23
1061188948,FlowValidate,kadirdemirkaya/FlowValidate,https://github.com/kadirdemirkaya/FlowValidate,2025-09-21 12:28:50,0,2025-09-23
1061188957,todo-app,lolol0918/todo-app,https://github.com/lolol0918/todo-app,2025-09-21 12:28:51,0,2025-09-23
1061189033,clash-dual,Dants12/clash-dual,https://github.com/Dants12/clash-dual,2025-09-21 12:29:02,0,2025-09-23
1061189350,Git-GitHub,whiteblueskyss/Git-GitHub,https://github.com/whiteblueskyss/Git-GitHub,2025-09-21 12:29:48,0,2025-09-23
1061189487,CyberTelly,rkm-r/CyberTelly,https://github.com/rkm-r/CyberTelly,2025-09-21 12:30:07,0,2025-09-23
1061189835,health_care_client,afrazrajpoot/health_care_client,https://github.com/afrazrajpoot/health_care_client,2025-09-21 12:30:59,0,2025-09-23
1061189990,MinecraftServerLauncherSpringboot,Aurora4123/MinecraftServerLauncherSpringboot,https://github.com/Aurora4123/MinecraftServerLauncherSpringboot,2025-09-21 12:31:23,0,2025-09-23
1061190426,react-3-4-hw,Kamikadze57/react-3-4-hw,https://github.com/Kamikadze57/react-3-4-hw,2025-09-21 12:32:28,0,2025-09-23
1061190535,git_example,Shivangtg/git_example,https://github.com/Shivangtg/git_example,2025-09-21 12:32:46,0,2025-09-23
1061190693,Learn-ExpressJS-all-concepts,khushi23-crypto/Learn-ExpressJS-all-concepts,https://github.com/khushi23-crypto/Learn-ExpressJS-all-concepts,2025-09-21 12:33:11,0,2025-09-23
1061191607,devops-capstone-project,Zaza202/devops-capstone-project,https://github.com/Zaza202/devops-capstone-project,2025-09-21 12:35:25,0,2025-09-23
1061192287,projeto-tdah-inscricao,engeduardopds/projeto-tdah-inscricao,https://github.com/engeduardopds/projeto-tdah-inscricao,2025-09-21 12:37:01,0,2025-09-23
1061192641,sneaky-answers,Plombir36/sneaky-answers,https://github.com/Plombir36/sneaky-answers,2025-09-21 12:37:57,0,2025-09-23
1061192661,pam-desktop,Rethinkk/pam-desktop,https://github.com/Rethinkk/pam-desktop,2025-09-21 12:38:01,0,2025-09-23
1061192792,portfolio,Abidar-Mohammed/portfolio,https://github.com/Abidar-Mohammed/portfolio,2025-09-21 12:38:22,0,2025-09-23
1061193098,shop-scraper,hesameworks/shop-scraper,https://github.com/hesameworks/shop-scraper,2025-09-21 12:39:10,0,2025-09-23
1061193276,Sentimental-Analysis-,Mukambika2004/Sentimental-Analysis-,https://github.com/Mukambika2004/Sentimental-Analysis-,2025-09-21 12:39:38,0,2025-09-23
1061193672,json-auto-format,AneeshAjaroy/json-auto-format,https://github.com/AneeshAjaroy/json-auto-format,2025-09-21 12:40:37,0,2025-09-23
1061193685,BPL-Dream,amdadislam01/BPL-Dream,https://github.com/amdadislam01/BPL-Dream,2025-09-21 12:40:38,0,2025-09-23
1061194216,keyclock,Abemchegen/keyclock,https://github.com/Abemchegen/keyclock,2025-09-21 12:41:51,0,2025-09-23
1061194281,Music_x,mrhandsome739206-ux/Music_x,https://github.com/mrhandsome739206-ux/Music_x,2025-09-21 12:41:58,0,2025-09-23
1061195133,explore_mandarine,Aiman-G/explore_mandarine,https://github.com/Aiman-G/explore_mandarine,2025-09-21 12:44:03,0,2025-09-23
1061195952,Mindwell,Abid-Husain/Mindwell,https://github.com/Abid-Husain/Mindwell,2025-09-21 12:45:55,0,2025-09-23
1061196112,Hachimi,jgbrzzh/Hachimi,https://github.com/jgbrzzh/Hachimi,2025-09-21 12:46:18,0,2025-09-23
1061196264,FaStQL,BrNi05/FaStQL,https://github.com/BrNi05/FaStQL,2025-09-21 12:46:41,0,2025-09-23
1061196323,Puglovers-Hyprland,Puglover011/Puglovers-Hyprland,https://github.com/Puglover011/Puglovers-Hyprland,2025-09-21 12:46:48,0,2025-09-23
1061196344,movieticketbooking,SaiLokeshkesamsetty/movieticketbooking,https://github.com/SaiLokeshkesamsetty/movieticketbooking,2025-09-21 12:46:51,0,2025-09-23
1061196492,DataPesertaUPC,gmsaw/DataPesertaUPC,https://github.com/gmsaw/DataPesertaUPC,2025-09-21 12:47:16,0,2025-09-23
1061197148,jasebq,namlyanh56/jasebq,https://github.com/namlyanh56/jasebq,2025-09-21 12:48:49,0,2025-09-23
1061197618,Flutter-Lasb,HamzaAlwajeeh/Flutter-Lasb,https://github.com/HamzaAlwajeeh/Flutter-Lasb,2025-09-21 12:49:56,0,2025-09-23
1061197765,Travel-app-next.js,fakhriddin-g/Travel-app-next.js,https://github.com/fakhriddin-g/Travel-app-next.js,2025-09-21 12:50:16,0,2025-09-23
1061197966,Node-js-repo,nickonyi/Node-js-repo,https://github.com/nickonyi/Node-js-repo,2025-09-21 12:50:43,0,2025-09-23
1061198103,silvent,WisdomChukwuemeka/silvent,https://github.com/WisdomChukwuemeka/silvent,2025-09-21 12:51:02,0,2025-09-23
1061198389,school_tools,bulka-s/school_tools,https://github.com/bulka-s/school_tools,2025-09-21 12:51:43,0,2025-09-23
1061198581,rollcallbot,SPYmesu/rollcallbot,https://github.com/SPYmesu/rollcallbot,2025-09-21 12:52:11,0,2025-09-23
1061198997,Repository,Vk5585/Repository,https://github.com/Vk5585/Repository,2025-09-21 12:53:03,0,2025-09-23
1061199265,CS5500,YunzeLi02/CS5500,https://github.com/YunzeLi02/CS5500,2025-09-21 12:53:38,0,2025-09-23
1061199702,Web-data-monitoring-assistant,iamxwk/Web-data-monitoring-assistant,https://github.com/iamxwk/Web-data-monitoring-assistant,2025-09-21 12:54:45,0,2025-09-23
1061199904,CrAd-AI,suraj00888/CrAd-AI,https://github.com/suraj00888/CrAd-AI,2025-09-21 12:55:16,0,2025-09-23
1061200031,nextai-data,mahalaxmi246/nextai-data,https://github.com/mahalaxmi246/nextai-data,2025-09-21 12:55:36,0,2025-09-23
1061200347,saving-foundation,ReverieJacket/saving-foundation,https://github.com/ReverieJacket/saving-foundation,2025-09-21 12:56:24,0,2025-09-23
1061200973,confuse-jsonschema,chmduquesne/confuse-jsonschema,https://github.com/chmduquesne/confuse-jsonschema,2025-09-21 12:57:54,0,2025-09-23
1061201089,web502,ngocptph31037/web502,https://github.com/ngocptph31037/web502,2025-09-21 12:58:12,0,2025-09-23
1061201363,SIH-2025-Backend,GirdharKumawat/SIH-2025-Backend,https://github.com/GirdharKumawat/SIH-2025-Backend,2025-09-21 12:58:53,0,2025-09-23
1061201534,campus-dating-backend,khisa-paul/campus-dating-backend,https://github.com/khisa-paul/campus-dating-backend,2025-09-21 12:59:19,0,2025-09-23
1061201655,paste-wise,codewith-MJ/paste-wise,https://github.com/codewith-MJ/paste-wise,2025-09-21 12:59:36,0,2025-09-23
1062547215,Efootball-Stock-,tegarrayosdelsol-cmd/Efootball-Stock-,https://github.com/tegarrayosdelsol-cmd/Efootball-Stock-,2025-09-23 12:00:02,0,2025-09-23
1062547763,Mingmos,Praveenkumar1434/Mingmos,https://github.com/Praveenkumar1434/Mingmos,2025-09-23 12:01:00,0,2025-09-23
1062547767,Demo,akhilareddy23/Demo,https://github.com/akhilareddy23/Demo,2025-09-23 12:01:00,0,2025-09-23
1062547956,User-Management-App,NimoMach/User-Management-App,https://github.com/NimoMach/User-Management-App,2025-09-23 12:01:17,0,2025-09-23
1062547959,sakthiappfrontend,sakthivelv2006/sakthiappfrontend,https://github.com/sakthivelv2006/sakthiappfrontend,2025-09-23 12:01:17,0,2025-09-23
1062548580,codewars-kata-challenges,ingridber/codewars-kata-challenges,https://github.com/ingridber/codewars-kata-challenges,2025-09-23 12:02:19,0,2025-09-23
1062548706,test,rajops-lab/test,https://github.com/rajops-lab/test,2025-09-23 12:02:31,0,2025-09-23
1062548933,Setu-Sign-Language-web-app,Rozeen-Baniya/Setu-Sign-Language-web-app,https://github.com/Rozeen-Baniya/Setu-Sign-Language-web-app,2025-09-23 12:02:51,0,2025-09-23
1062549070,Eswar_Portfolio,EswarChittala/Eswar_Portfolio,https://github.com/EswarChittala/Eswar_Portfolio,2025-09-23 12:03:00,0,2025-09-23
1062549718,employee_management_dashboard,premasagarbontula/employee_management_dashboard,https://github.com/premasagarbontula/employee_management_dashboard,2025-09-23 12:03:56,0,2025-09-23
1062549794,devops-pipelines,binzek/devops-pipelines,https://github.com/binzek/devops-pipelines,2025-09-23 12:04:04,0,2025-09-23
1062550604,pnglass,mrifkiehasib/pnglass,https://github.com/mrifkiehasib/pnglass,2025-09-23 12:05:25,0,2025-09-23
1062551449,MediCare_Backend,Siddu865/MediCare_Backend,https://github.com/Siddu865/MediCare_Backend,2025-09-23 12:06:57,0,2025-09-23
1062551556,flutter_deploy,chgroeling/flutter_deploy,https://github.com/chgroeling/flutter_deploy,2025-09-23 12:07:06,0,2025-09-23
1062552185,VISHAL-WALIYA,vishalwaliya/VISHAL-WALIYA,https://github.com/vishalwaliya/VISHAL-WALIYA,2025-09-23 12:08:10,0,2025-09-23
1062553144,REACT-JS-Checkpoint,KussiyWanza/REACT-JS-Checkpoint,https://github.com/KussiyWanza/REACT-JS-Checkpoint,2025-09-23 12:09:50,0,2025-09-23
1062553176,Portfolio,VitoriaMaglio/Portfolio,https://github.com/VitoriaMaglio/Portfolio,2025-09-23 12:09:53,0,2025-09-23
1062553465,elegant-todo-list-manager-13613-13623,kavia-common/elegant-todo-list-manager-13613-13623,https://github.com/kavia-common/elegant-todo-list-manager-13613-13623,2025-09-23 12:10:19,0,2025-09-23
1062553499,DZ-5.3,Amina-dev239/DZ-5.3,https://github.com/Amina-dev239/DZ-5.3,2025-09-23 12:10:22,0,2025-09-23
1062553582,VibeCodingBackgammon,chiisen/VibeCodingBackgammon,https://github.com/chiisen/VibeCodingBackgammon,2025-09-23 12:10:31,0,2025-09-23
1062553744,task-1,bakkiasri/task-1,https://github.com/bakkiasri/task-1,2025-09-23 12:10:47,0,2025-09-23
1062553892,MERN-HOTEL-BOOKING,InaolajiRidwan/MERN-HOTEL-BOOKING,https://github.com/InaolajiRidwan/MERN-HOTEL-BOOKING,2025-09-23 12:11:02,0,2025-09-23
1062554025,task-todo,kartal86/task-todo,https://github.com/kartal86/task-todo,2025-09-23 12:11:13,0,2025-09-23
1062555015,my-ci-cd-demo-11,Kiran7601/my-ci-cd-demo-11,https://github.com/Kiran7601/my-ci-cd-demo-11,2025-09-23 12:13:00,0,2025-09-23
1062555071,ru-fi-phrases-corpus,denisshareshik/ru-fi-phrases-corpus,https://github.com/denisshareshik/ru-fi-phrases-corpus,2025-09-23 12:13:05,0,2025-09-23
1062555197,pomodoro-kuromi,jdoodlez/pomodoro-kuromi,https://github.com/jdoodlez/pomodoro-kuromi,2025-09-23 12:13:19,0,2025-09-23
1062555352,Javascript_Min_Project,Venkadesh2/Javascript_Min_Project,https://github.com/Venkadesh2/Javascript_Min_Project,2025-09-23 12:13:34,0,2025-09-23
1062555475,denotech,ZanTech12/denotech,https://github.com/ZanTech12/denotech,2025-09-23 12:13:47,0,2025-09-23
1062555487,winor,omidsahlabadi-sos/winor,https://github.com/omidsahlabadi-sos/winor,2025-09-23 12:13:48,0,2025-09-23
1062555950,BookShopHitesh,hiteshpatidar009/BookShopHitesh,https://github.com/hiteshpatidar009/BookShopHitesh,2025-09-23 12:14:37,0,2025-09-23
1062556325,bbp-crs,Buartyoww/bbp-crs,https://github.com/Buartyoww/bbp-crs,2025-09-23 12:15:18,0,2025-09-23
1062556459,NexusUI,iamram22/NexusUI,https://github.com/iamram22/NexusUI,2025-09-23 12:15:31,0,2025-09-23
1062556742,jsmargatoll,dmasanjar/jsmargatoll,https://github.com/dmasanjar/jsmargatoll,2025-09-23 12:15:58,0,2025-09-23
1062556956,OnCity,ZIZOUCARLOS/OnCity,https://github.com/ZIZOUCARLOS/OnCity,2025-09-23 12:16:19,0,2025-09-23
1062556959,Career-Mate,9RITUSAM/Career-Mate,https://github.com/9RITUSAM/Career-Mate,2025-09-23 12:16:19,0,2025-09-23
1062557290,my-json-diff-chrome-plugin,yy36295238/my-json-diff-chrome-plugin,https://github.com/yy36295238/my-json-diff-chrome-plugin,2025-09-23 12:16:52,0,2025-09-23
1062557479,eazy.mockup,fagan-id/eazy.mockup,https://github.com/fagan-id/eazy.mockup,2025-09-23 12:17:11,0,2025-09-23
1062557967,AlgoPath-Visualiser,RaviTeja1804/AlgoPath-Visualiser,https://github.com/RaviTeja1804/AlgoPath-Visualiser,2025-09-23 12:17:59,0,2025-09-23
1062558139,HappyBirthdayMoe,Maharanizh/HappyBirthdayMoe,https://github.com/Maharanizh/HappyBirthdayMoe,2025-09-23 12:18:15,0,2025-09-23
1062558248,Nuvoca-Risk-Management-Workflow-App,SubhenduMishra29/Nuvoca-Risk-Management-Workflow-App,https://github.com/SubhenduMishra29/Nuvoca-Risk-Management-Workflow-App,2025-09-23 12:18:26,0,2025-09-23
1062558332,swa74d59aba20bc4d3eb7e8e05e26d95d01,static-web-apps-testing-org/swa74d59aba20bc4d3eb7e8e05e26d95d01,https://github.com/static-web-apps-testing-org/swa74d59aba20bc4d3eb7e8e05e26d95d01,2025-09-23 12:18:35,0,2025-09-23
1062558421,swad712ed6a1f7e48e4b71c9b575a56222c,static-web-apps-testing-org/swad712ed6a1f7e48e4b71c9b575a56222c,https://github.com/static-web-apps-testing-org/swad712ed6a1f7e48e4b71c9b575a56222c,2025-09-23 12:18:44,0,2025-09-23
1062558601,IGBO,stephensonsharon4/IGBO,https://github.com/stephensonsharon4/IGBO,2025-09-23 12:19:03,0,2025-09-23
1062558828,Gabriel-Portfolio,Engineer007-cyber/Gabriel-Portfolio,https://github.com/Engineer007-cyber/Gabriel-Portfolio,2025-09-23 12:19:23,0,2025-09-23
1062558829,swa493088b284774832bb6d38f42a414aee,static-web-apps-testing-org/swa493088b284774832bb6d38f42a414aee,https://github.com/static-web-apps-testing-org/swa493088b284774832bb6d38f42a414aee,2025-09-23 12:19:23,0,2025-09-23
1062558874,Agatha-Christie-game,dorameipiqi/Agatha-Christie-game,https://github.com/dorameipiqi/Agatha-Christie-game,2025-09-23 12:19:27,0,2025-09-23
1062558889,swaa0f0c0721e3c46859875e3a219965e2e,static-web-apps-testing-org/swaa0f0c0721e3c46859875e3a219965e2e,https://github.com/static-web-apps-testing-org/swaa0f0c0721e3c46859875e3a219965e2e,2025-09-23 12:19:28,0,2025-09-23
1062559227,swa30e3f71c9a6b473088d603286eeb1200,static-web-apps-testing-org/swa30e3f71c9a6b473088d603286eeb1200,https://github.com/static-web-apps-testing-org/swa30e3f71c9a6b473088d603286eeb1200,2025-09-23 12:20:01,0,2025-09-23
1062559447,TwitchEm,rougenij/TwitchEm,https://github.com/rougenij/TwitchEm,2025-09-23 12:20:22,0,2025-09-23
1062559484,PPACB,vivianwang-code/PPACB,https://github.com/vivianwang-code/PPACB,2025-09-23 12:20:27,0,2025-09-23
1062559704,parashar,PFDT-DRONE/parashar,https://github.com/PFDT-DRONE/parashar,2025-09-23 12:20:51,0,2025-09-23
1062559863,react-2,kine587/react-2,https://github.com/kine587/react-2,2025-09-23 12:21:07,0,2025-09-23
1062559952,tccon,joaouza/tccon,https://github.com/joaouza/tccon,2025-09-23 12:21:15,0,2025-09-23
1062560036,MetEyes,chaddytwiceover/MetEyes,https://github.com/chaddytwiceover/MetEyes,2025-09-23 12:21:24,0,2025-09-23
1062560042,theworldatlas,sudhir1507/theworldatlas,https://github.com/sudhir1507/theworldatlas,2025-09-23 12:21:25,0,2025-09-23
1062560089,ENG-,mdbibka-cmd/ENG-,https://github.com/mdbibka-cmd/ENG-,2025-09-23 12:21:31,0,2025-09-23
1062560109,swa205bbb70cec34fd98b7e1f3e1eeef261,static-web-apps-testing-org/swa205bbb70cec34fd98b7e1f3e1eeef261,https://github.com/static-web-apps-testing-org/swa205bbb70cec34fd98b7e1f3e1eeef261,2025-09-23 12:21:33,0,2025-09-23
1062560110,swa10c6e62c71904a40859ea39e4ac06ca6,static-web-apps-testing-org/swa10c6e62c71904a40859ea39e4ac06ca6,https://github.com/static-web-apps-testing-org/swa10c6e62c71904a40859ea39e4ac06ca6,2025-09-23 12:21:33,0,2025-09-23
1062560421,yaozherui,Pu515/yaozherui,https://github.com/Pu515/yaozherui,2025-09-23 12:22:02,0,2025-09-23
1062560593,conffesion-FlaskReact-WebApp,IzziVanSatoru/conffesion-FlaskReact-WebApp,https://github.com/IzziVanSatoru/conffesion-FlaskReact-WebApp,2025-09-23 12:22:19,0,2025-09-23
1062560710,Redux-Todo-App,farazazeem-6/Redux-Todo-App,https://github.com/farazazeem-6/Redux-Todo-App,2025-09-23 12:22:31,0,2025-09-23
1062560875,AI-Mock-Interview,AbhijeetSi20/AI-Mock-Interview,https://github.com/AbhijeetSi20/AI-Mock-Interview,2025-09-23 12:22:47,0,2025-09-23
1062561010,jobs-api,ziadTarek30/jobs-api,https://github.com/ziadTarek30/jobs-api,2025-09-23 12:22:56,0,2025-09-23
1062561072,jkare-admin-website,ShivamAwasthi1129/jkare-admin-website,https://github.com/ShivamAwasthi1129/jkare-admin-website,2025-09-23 12:23:01,0,2025-09-23
1062561241,RTAb,rolink12/RTAb,https://github.com/rolink12/RTAb,2025-09-23 12:23:16,0,2025-09-23
1062561260,Krid-af-LYS,ankit4a4/Krid-af-LYS,https://github.com/ankit4a4/Krid-af-LYS,2025-09-23 12:23:18,0,2025-09-23
1062561297,cfjl-cyrus-studying,CFJL-Cyrus-Studying/cfjl-cyrus-studying,https://github.com/CFJL-Cyrus-Studying/cfjl-cyrus-studying,2025-09-23 12:23:22,0,2025-09-23
1062561334,Clone-Apple,Trhgam/Clone-Apple,https://github.com/Trhgam/Clone-Apple,2025-09-23 12:23:26,0,2025-09-23
1062561375,E-Commerce-mockup,CodePhreak1000101/E-Commerce-mockup,https://github.com/CodePhreak1000101/E-Commerce-mockup,2025-09-23 12:23:29,0,2025-09-23
1062561388,render_app_test,saurabhnolakha/render_app_test,https://github.com/saurabhnolakha/render_app_test,2025-09-23 12:23:30,0,2025-09-23
1062561403,HookKuGou,biyuhuaping/HookKuGou,https://github.com/biyuhuaping/HookKuGou,2025-09-23 12:23:31,0,2025-09-23
1062561406,gatsby-starter-blog,rohankvats/gatsby-starter-blog,https://github.com/rohankvats/gatsby-starter-blog,2025-09-23 12:23:32,0,2025-09-23
1062561449,neon-tasks-frontend-morphvm-1hyw0xfp,tkfernlabs/neon-tasks-frontend-morphvm-1hyw0xfp,https://github.com/tkfernlabs/neon-tasks-frontend-morphvm-1hyw0xfp,2025-09-23 12:23:34,0,2025-09-23
1062561655,REACT,AllanAlea/REACT,https://github.com/AllanAlea/REACT,2025-09-23 12:23:53,0,2025-09-23
1062561689,Gemini-Clone,khushirajput03/Gemini-Clone,https://github.com/khushirajput03/Gemini-Clone,2025-09-23 12:23:56,0,2025-09-23
1062561747,java-ass-1,Tosinife/java-ass-1,https://github.com/Tosinife/java-ass-1,2025-09-23 12:24:01,0,2025-09-23
1062561780,QMJHL.io,Buystvo93/QMJHL.io,https://github.com/Buystvo93/QMJHL.io,2025-09-23 12:24:04,0,2025-09-23
1062561943,tocobo-project-lsg,gueon7866/tocobo-project-lsg,https://github.com/gueon7866/tocobo-project-lsg,2025-09-23 12:24:18,0,2025-09-23
1062561980,Fab-Technology-Ecommerce-Website,NazmusSakib2036/Fab-Technology-Ecommerce-Website,https://github.com/NazmusSakib2036/Fab-Technology-Ecommerce-Website,2025-09-23 12:24:22,0,2025-09-23
1062562013,portfolio-next,navinO0/portfolio-next,https://github.com/navinO0/portfolio-next,2025-09-23 12:24:25,0,2025-09-23
1062562123,betZone-frontend,arielDivyansh/betZone-frontend,https://github.com/arielDivyansh/betZone-frontend,2025-09-23 12:24:36,0,2025-09-23
1062562148,Puzzle-Game-JigSaw,Zaara-Fatima/Puzzle-Game-JigSaw,https://github.com/Zaara-Fatima/Puzzle-Game-JigSaw,2025-09-23 12:24:39,0,2025-09-23
1062562271,team,41323218/team,https://github.com/41323218/team,2025-09-23 12:24:52,0,2025-09-23
1062562340,Personal-Website,mukeshkanna11/Personal-Website,https://github.com/mukeshkanna11/Personal-Website,2025-09-23 12:24:58,0,2025-09-23
1062562614,devops-pipeline,vuongnguyen18/devops-pipeline,https://github.com/vuongnguyen18/devops-pipeline,2025-09-23 12:25:25,0,2025-09-23
1062562652,FirstStop-App,ShrayRK/FirstStop-App,https://github.com/ShrayRK/FirstStop-App,2025-09-23 12:25:29,0,2025-09-23
1062562702,API-Mapas,juliaamendes/API-Mapas,https://github.com/juliaamendes/API-Mapas,2025-09-23 12:25:33,0,2025-09-23
1062562750,test,bishaldiganta/test,https://github.com/bishaldiganta/test,2025-09-23 12:25:38,0,2025-09-23
1062562773,swae38c29a0be6a419a80bc436772fbaf11,static-web-apps-testing-org/swae38c29a0be6a419a80bc436772fbaf11,https://github.com/static-web-apps-testing-org/swae38c29a0be6a419a80bc436772fbaf11,2025-09-23 12:25:39,0,2025-09-23
1062562874,stdinsta,LuciferRJ29/stdinsta,https://github.com/LuciferRJ29/stdinsta,2025-09-23 12:25:48,0,2025-09-23
1062562985,codealpha_task-4-Music-player,naveenakkinepally/codealpha_task-4-Music-player,https://github.com/naveenakkinepally/codealpha_task-4-Music-player,2025-09-23 12:26:01,0,2025-09-23
1062563086,crawl,webshunter/crawl,https://github.com/webshunter/crawl,2025-09-23 12:26:12,0,2025-09-23
1062563219,PWA,Happy-Spot/PWA,https://github.com/Happy-Spot/PWA,2025-09-23 12:26:26,0,2025-09-23
1062563274,swae5f21debdb994f588d42434eb86f45f1,static-web-apps-testing-org/swae5f21debdb994f588d42434eb86f45f1,https://github.com/static-web-apps-testing-org/swae5f21debdb994f588d42434eb86f45f1,2025-09-23 12:26:33,0,2025-09-23
1062563297,sapui5demo,biswajit2754/sapui5demo,https://github.com/biswajit2754/sapui5demo,2025-09-23 12:26:36,0,2025-09-23
1062563311,BlackjackGame,Shacoholic/BlackjackGame,https://github.com/Shacoholic/BlackjackGame,2025-09-23 12:26:37,0,2025-09-23
1062563557,swaa543d121c9ac4449a808af49efdc03ee,static-web-apps-testing-org/swaa543d121c9ac4449a808af49efdc03ee,https://github.com/static-web-apps-testing-org/swaa543d121c9ac4449a808af49efdc03ee,2025-09-23 12:27:01,0,2025-09-23
1062563853,my-starter-tool-app-1758630451038-644,amitgaikwad-test/my-starter-tool-app-1758630451038-644,https://github.com/amitgaikwad-test/my-starter-tool-app-1758630451038-644,2025-09-23 12:27:31,0,2025-09-23
1062563904,stringcalculdemo,Induvala/stringcalculdemo,https://github.com/Induvala/stringcalculdemo,2025-09-23 12:27:36,0,2025-09-23
